Source_ID,Source_Type,Target_ID,Target_Type,Rel_Type,Weight,As_Of
CAP-DG,Capability,TEC-PURVIEW,Technology,CAPABILITY_ENABLED_BY_TECHNOLOGY,1.0,2026-06-25
CAP-DG,Capability,TEC-FABRIC,Technology,CAPABILITY_ENABLED_BY_TECHNOLOGY,1.0,2026-06-25
CAP-LIN,Capability,TEC-PURVIEW,Technology,CAPABILITY_ENABLED_BY_TECHNOLOGY,1.0,2026-06-25
CAP-LIN,Capability,TEC-FABRIC,Technology,CAPABILITY_ENABLED_BY_TECHNOLOGY,1.0,2026-06-25
CAP-DQ,Capability,TEC-FABRIC,Technology,CAPABILITY_ENABLED_BY_TECHNOLOGY,1.0,2026-06-25
CAP-DQ,Capability,TEC-INFORMATICA,Technology,CAPABILITY_ENABLED_BY_TECHNOLOGY,1.0,2026-06-25
CAP-MDM,Capability,TEC-PURVIEW,Technology,CAPABILITY_ENABLED_BY_TECHNOLOGY,1.0,2026-06-25
CAP-MDM,Capability,TEC-COLLIBRA,Technology,CAPABILITY_ENABLED_BY_TECHNOLOGY,1.0,2026-06-25
CAP-PII,Capability,TEC-PURVIEW,Technology,CAPABILITY_ENABLED_BY_TECHNOLOGY,1.0,2026-06-25
CAP-PII,Capability,TEC-DEFENDER,Technology,CAPABILITY_ENABLED_BY_TECHNOLOGY,1.0,2026-06-25
CAP-RET,Capability,TEC-PURVIEW,Technology,CAPABILITY_ENABLED_BY_TECHNOLOGY,1.0,2026-06-25
CAP-RET,Capability,TEC-POLICY,Technology,CAPABILITY_ENABLED_BY_TECHNOLOGY,1.0,2026-06-25
CAP-AC,Capability,TEC-ENTRA,Technology,CAPABILITY_ENABLED_BY_TECHNOLOGY,1.0,2026-06-25
CAP-AUD,Capability,TEC-FABRIC,Technology,CAPABILITY_ENABLED_BY_TECHNOLOGY,1.0,2026-06-25
CAP-AUD,Capability,TEC-PURVIEW,Technology,CAPABILITY_ENABLED_BY_TECHNOLOGY,1.0,2026-06-25
CAP-REP,Capability,TEC-FABRIC,Technology,CAPABILITY_ENABLED_BY_TECHNOLOGY,1.0,2026-06-25
CAP-MRM,Capability,TEC-FOUNDRY,Technology,CAPABILITY_ENABLED_BY_TECHNOLOGY,1.0,2026-06-25
CAP-MRM,Capability,TEC-FABRIC,Technology,CAPABILITY_ENABLED_BY_TECHNOLOGY,1.0,2026-06-25
CAP-AIG,Capability,TEC-FOUNDRY,Technology,CAPABILITY_ENABLED_BY_TECHNOLOGY,1.0,2026-06-25
CAP-AIG,Capability,TEC-PURVIEW,Technology,CAPABILITY_ENABLED_BY_TECHNOLOGY,1.0,2026-06-25
CAP-TDQ,Capability,TEC-FABRIC,Technology,CAPABILITY_ENABLED_BY_TECHNOLOGY,1.0,2026-06-25
CAP-TDQ,Capability,TEC-FOUNDRY,Technology,CAPABILITY_ENABLED_BY_TECHNOLOGY,1.0,2026-06-25
CAP-TRACE,Capability,TEC-FOUNDRY,Technology,CAPABILITY_ENABLED_BY_TECHNOLOGY,1.0,2026-06-25
CAP-TRACE,Capability,TEC-PURVIEW,Technology,CAPABILITY_ENABLED_BY_TECHNOLOGY,1.0,2026-06-25
CAP-RES,Capability,TEC-SERVICENOW,Technology,CAPABILITY_ENABLED_BY_TECHNOLOGY,1.0,2026-06-25
CAP-RES,Capability,TEC-FABRIC,Technology,CAPABILITY_ENABLED_BY_TECHNOLOGY,1.0,2026-06-25
CAP-INC,Capability,TEC-SERVICENOW,Technology,CAPABILITY_ENABLED_BY_TECHNOLOGY,1.0,2026-06-25
CAP-INC,Capability,TEC-DEFENDER,Technology,CAPABILITY_ENABLED_BY_TECHNOLOGY,1.0,2026-06-25
CAP-TPR,Capability,TEC-SERVICENOW,Technology,CAPABILITY_ENABLED_BY_TECHNOLOGY,1.0,2026-06-25
CAP-CYBER,Capability,TEC-DEFENDER,Technology,CAPABILITY_ENABLED_BY_TECHNOLOGY,1.0,2026-06-25
CAP-CYBER,Capability,TEC-ENTRA,Technology,CAPABILITY_ENABLED_BY_TECHNOLOGY,1.0,2026-06-25
CAP-FC,Capability,TEC-FABRIC,Technology,CAPABILITY_ENABLED_BY_TECHNOLOGY,1.0,2026-06-25
CAP-SANCT,Capability,TEC-FABRIC,Technology,CAPABILITY_ENABLED_BY_TECHNOLOGY,1.0,2026-06-25
CAP-AUTH,Capability,TEC-ENTRA,Technology,CAPABILITY_ENABLED_BY_TECHNOLOGY,1.0,2026-06-25
CAP-CAPITAL,Capability,TEC-FABRIC,Technology,CAPABILITY_ENABLED_BY_TECHNOLOGY,1.0,2026-06-25
CAP-COND,Capability,TEC-FABRIC,Technology,CAPABILITY_ENABLED_BY_TECHNOLOGY,1.0,2026-06-25
SYS-CORE,System,DD-ACCT,DataDomain,SYSTEM_STORES_DATA_DOMAIN,1.0,2026-06-25
SYS-CORE,System,DD-TXN,DataDomain,SYSTEM_STORES_DATA_DOMAIN,1.0,2026-06-25
SYS-CORE,System,DD-CUSTPII,DataDomain,SYSTEM_STORES_DATA_DOMAIN,1.0,2026-06-25
SYS-KYC,System,DD-KYC,DataDomain,SYSTEM_STORES_DATA_DOMAIN,1.0,2026-06-25
SYS-KYC,System,DD-CUSTPII,DataDomain,SYSTEM_STORES_DATA_DOMAIN,1.0,2026-06-25
SYS-SANCT,System,DD-CUSTPII,DataDomain,SYSTEM_STORES_DATA_DOMAIN,1.0,2026-06-25
SYS-SANCT,System,DD-PAYMT,DataDomain,SYSTEM_STORES_DATA_DOMAIN,1.0,2026-06-25
SYS-TM,System,DD-TXN,DataDomain,SYSTEM_STORES_DATA_DOMAIN,1.0,2026-06-25
SYS-TM,System,DD-PAYMT,DataDomain,SYSTEM_STORES_DATA_DOMAIN,1.0,2026-06-25
SYS-PAY,System,DD-PAYMT,DataDomain,SYSTEM_STORES_DATA_DOMAIN,1.0,2026-06-25
SYS-PAY,System,DD-TXN,DataDomain,SYSTEM_STORES_DATA_DOMAIN,1.0,2026-06-25
SYS-CARD,System,DD-TXN,DataDomain,SYSTEM_STORES_DATA_DOMAIN,1.0,2026-06-25
SYS-CARD,System,DD-CUSTPII,DataDomain,SYSTEM_STORES_DATA_DOMAIN,1.0,2026-06-25
SYS-LOS,System,DD-CREDIT,DataDomain,SYSTEM_STORES_DATA_DOMAIN,1.0,2026-06-25
SYS-LOS,System,DD-CUSTPII,DataDomain,SYSTEM_STORES_DATA_DOMAIN,1.0,2026-06-25
SYS-CREDIT,System,DD-CREDIT,DataDomain,SYSTEM_STORES_DATA_DOMAIN,1.0,2026-06-25
SYS-CREDIT,System,DD-MODEL,DataDomain,SYSTEM_STORES_DATA_DOMAIN,1.0,2026-06-25
SYS-LAKE,System,DD-REF,DataDomain,SYSTEM_STORES_DATA_DOMAIN,1.0,2026-06-25
SYS-LAKE,System,DD-TXN,DataDomain,SYSTEM_STORES_DATA_DOMAIN,1.0,2026-06-25
SYS-LAKE,System,DD-CREDIT,DataDomain,SYSTEM_STORES_DATA_DOMAIN,1.0,2026-06-25
SYS-LAKE,System,DD-FIN,DataDomain,SYSTEM_STORES_DATA_DOMAIN,1.0,2026-06-25
SYS-LAKE,System,DD-MODEL,DataDomain,SYSTEM_STORES_DATA_DOMAIN,1.0,2026-06-25
SYS-REGRPT,System,DD-FIN,DataDomain,SYSTEM_STORES_DATA_DOMAIN,1.0,2026-06-25
SYS-REGRPT,System,DD-CREDIT,DataDomain,SYSTEM_STORES_DATA_DOMAIN,1.0,2026-06-25
SYS-REGRPT,System,DD-TRADE,DataDomain,SYSTEM_STORES_DATA_DOMAIN,1.0,2026-06-25
SYS-CRM,System,DD-CUSTPII,DataDomain,SYSTEM_STORES_DATA_DOMAIN,1.0,2026-06-25
SYS-TRADE,System,DD-TRADE,DataDomain,SYSTEM_STORES_DATA_DOMAIN,1.0,2026-06-25
SYS-GL,System,DD-FIN,DataDomain,SYSTEM_STORES_DATA_DOMAIN,1.0,2026-06-25
SYS-IAM,System,DD-CUSTPII,DataDomain,SYSTEM_STORES_DATA_DOMAIN,1.0,2026-06-25
SYS-IAM,System,DD-REF,DataDomain,SYSTEM_STORES_DATA_DOMAIN,1.0,2026-06-25
SYS-AIP,System,DD-MODEL,DataDomain,SYSTEM_STORES_DATA_DOMAIN,1.0,2026-06-25
SYS-AIP,System,DD-CREDIT,DataDomain,SYSTEM_STORES_DATA_DOMAIN,1.0,2026-06-25
SYS-AIP,System,DD-CUSTPII,DataDomain,SYSTEM_STORES_DATA_DOMAIN,1.0,2026-06-25
PRD-CURR,Product,BU-RETAIL,BusinessUnit,PRODUCT_OWNED_BY_UNIT,1.0,2026-06-25
PRD-SAV,Product,BU-RETAIL,BusinessUnit,PRODUCT_OWNED_BY_UNIT,1.0,2026-06-25
PRD-MORT,Product,BU-RETAIL,BusinessUnit,PRODUCT_OWNED_BY_UNIT,1.0,2026-06-25
PRD-PLOAN,Product,BU-RETAIL,BusinessUnit,PRODUCT_OWNED_BY_UNIT,1.0,2026-06-25
PRD-CARD,Product,BU-RETAIL,BusinessUnit,PRODUCT_OWNED_BY_UNIT,1.0,2026-06-25
PRD-BLOAN,Product,BU-COMM,BusinessUnit,PRODUCT_OWNED_BY_UNIT,1.0,2026-06-25
PRD-FX,Product,BU-MARKETS,BusinessUnit,PRODUCT_OWNED_BY_UNIT,1.0,2026-06-25
PRD-DERIV,Product,BU-MARKETS,BusinessUnit,PRODUCT_OWNED_BY_UNIT,1.0,2026-06-25
PRD-INVEST,Product,BU-WEALTH,BusinessUnit,PRODUCT_OWNED_BY_UNIT,1.0,2026-06-25
PR-ONBOARD,BusinessProcess,SYS-KYC,System,PROCESS_USES_SYSTEM,1.0,2026-06-25
PR-ONBOARD,BusinessProcess,SYS-CRM,System,PROCESS_USES_SYSTEM,1.0,2026-06-25
PR-ONBOARD,BusinessProcess,SYS-CORE,System,PROCESS_USES_SYSTEM,1.0,2026-06-25
PR-ONBOARD,BusinessProcess,SYS-IAM,System,PROCESS_USES_SYSTEM,1.0,2026-06-25
PR-ONBOARD,BusinessProcess,PRD-CURR,Product,PROCESS_SUPPORTS_PRODUCT,1.0,2026-06-25
PR-ONBOARD,BusinessProcess,PRD-SAV,Product,PROCESS_SUPPORTS_PRODUCT,1.0,2026-06-25
PR-ONBOARD,BusinessProcess,PRD-CARD,Product,PROCESS_SUPPORTS_PRODUCT,1.0,2026-06-25
PR-PAYMENTS,BusinessProcess,SYS-PAY,System,PROCESS_USES_SYSTEM,1.0,2026-06-25
PR-PAYMENTS,BusinessProcess,SYS-SANCT,System,PROCESS_USES_SYSTEM,1.0,2026-06-25
PR-PAYMENTS,BusinessProcess,SYS-TM,System,PROCESS_USES_SYSTEM,1.0,2026-06-25
PR-PAYMENTS,BusinessProcess,SYS-CORE,System,PROCESS_USES_SYSTEM,1.0,2026-06-25
PR-PAYMENTS,BusinessProcess,PRD-CURR,Product,PROCESS_SUPPORTS_PRODUCT,1.0,2026-06-25
PR-PAYMENTS,BusinessProcess,PRD-CARD,Product,PROCESS_SUPPORTS_PRODUCT,1.0,2026-06-25
PR-LENDING,BusinessProcess,SYS-LOS,System,PROCESS_USES_SYSTEM,1.0,2026-06-25
PR-LENDING,BusinessProcess,SYS-CREDIT,System,PROCESS_USES_SYSTEM,1.0,2026-06-25
PR-LENDING,BusinessProcess,SYS-CORE,System,PROCESS_USES_SYSTEM,1.0,2026-06-25
PR-LENDING,BusinessProcess,SYS-AIP,System,PROCESS_USES_SYSTEM,1.0,2026-06-25
PR-LENDING,BusinessProcess,PRD-MORT,Product,PROCESS_SUPPORTS_PRODUCT,1.0,2026-06-25
PR-LENDING,BusinessProcess,PRD-PLOAN,Product,PROCESS_SUPPORTS_PRODUCT,1.0,2026-06-25
PR-LENDING,BusinessProcess,PRD-BLOAN,Product,PROCESS_SUPPORTS_PRODUCT,1.0,2026-06-25
PR-TRADING,BusinessProcess,SYS-TRADE,System,PROCESS_USES_SYSTEM,1.0,2026-06-25
PR-TRADING,BusinessProcess,SYS-REGRPT,System,PROCESS_USES_SYSTEM,1.0,2026-06-25
PR-TRADING,BusinessProcess,SYS-GL,System,PROCESS_USES_SYSTEM,1.0,2026-06-25
PR-TRADING,BusinessProcess,PRD-FX,Product,PROCESS_SUPPORTS_PRODUCT,1.0,2026-06-25
PR-TRADING,BusinessProcess,PRD-DERIV,Product,PROCESS_SUPPORTS_PRODUCT,1.0,2026-06-25
PR-REGRPT,BusinessProcess,SYS-REGRPT,System,PROCESS_USES_SYSTEM,1.0,2026-06-25
PR-REGRPT,BusinessProcess,SYS-LAKE,System,PROCESS_USES_SYSTEM,1.0,2026-06-25
PR-REGRPT,BusinessProcess,SYS-GL,System,PROCESS_USES_SYSTEM,1.0,2026-06-25
PR-FRAUD,BusinessProcess,SYS-TM,System,PROCESS_USES_SYSTEM,1.0,2026-06-25
PR-FRAUD,BusinessProcess,SYS-SANCT,System,PROCESS_USES_SYSTEM,1.0,2026-06-25
PR-FRAUD,BusinessProcess,SYS-CARD,System,PROCESS_USES_SYSTEM,1.0,2026-06-25
PR-FRAUD,BusinessProcess,PRD-CARD,Product,PROCESS_SUPPORTS_PRODUCT,1.0,2026-06-25
PR-FRAUD,BusinessProcess,PRD-CURR,Product,PROCESS_SUPPORTS_PRODUCT,1.0,2026-06-25
PR-SERVICE,BusinessProcess,SYS-CRM,System,PROCESS_USES_SYSTEM,1.0,2026-06-25
PR-SERVICE,BusinessProcess,SYS-CORE,System,PROCESS_USES_SYSTEM,1.0,2026-06-25
PR-SERVICE,BusinessProcess,SYS-IAM,System,PROCESS_USES_SYSTEM,1.0,2026-06-25
PR-SERVICE,BusinessProcess,PRD-CURR,Product,PROCESS_SUPPORTS_PRODUCT,1.0,2026-06-25
PR-SERVICE,BusinessProcess,PRD-SAV,Product,PROCESS_SUPPORTS_PRODUCT,1.0,2026-06-25
PR-DATAGOV,BusinessProcess,SYS-LAKE,System,PROCESS_USES_SYSTEM,1.0,2026-06-25
PR-DATAGOV,BusinessProcess,SYS-IAM,System,PROCESS_USES_SYSTEM,1.0,2026-06-25
PR-AILIFE,BusinessProcess,SYS-AIP,System,PROCESS_USES_SYSTEM,1.0,2026-06-25
PR-AILIFE,BusinessProcess,SYS-CREDIT,System,PROCESS_USES_SYSTEM,1.0,2026-06-25
PR-AILIFE,BusinessProcess,SYS-LAKE,System,PROCESS_USES_SYSTEM,1.0,2026-06-25
PR-AILIFE,BusinessProcess,PRD-MORT,Product,PROCESS_SUPPORTS_PRODUCT,1.0,2026-06-25
PR-AILIFE,BusinessProcess,PRD-PLOAN,Product,PROCESS_SUPPORTS_PRODUCT,1.0,2026-06-25
CTL-CDD-1,Control,SYS-KYC,System,CONTROL_IMPLEMENTED_IN_SYSTEM,1.0,2026-06-25
CTL-CDD-1,Control,RK-FINCRIME,Risk,CONTROL_MITIGATES_RISK,1.0,2026-06-25
CTL-CDD-1,Control,CAP-FC,Capability,CONTROL_REALIZES_CAPABILITY,1.0,2026-06-25
CTL-CDD-1,Control,EVD-CTL-CDD-1-EV-AUDIT,Evidence,CONTROL_EVIDENCED_BY,1.0,2026-06-25
EVD-CTL-CDD-1-EV-AUDIT,Evidence,TEC-FABRIC,Technology,EVIDENCE_PRODUCED_BY_TECHNOLOGY,1.0,2026-06-25
CTL-CDD-1,Control,EVD-CTL-CDD-1-EV-CLASS,Evidence,CONTROL_EVIDENCED_BY,1.0,2026-06-25
EVD-CTL-CDD-1-EV-CLASS,Evidence,TEC-PURVIEW,Technology,EVIDENCE_PRODUCED_BY_TECHNOLOGY,1.0,2026-06-25
CTL-CDD-1,Control,PR-ONBOARD,BusinessProcess,CONTROL_OPERATES_IN_PROCESS,1.0,2026-06-25
CTL-CDD-2,Control,SYS-KYC,System,CONTROL_IMPLEMENTED_IN_SYSTEM,1.0,2026-06-25
CTL-CDD-2,Control,RK-FINCRIME,Risk,CONTROL_MITIGATES_RISK,1.0,2026-06-25
CTL-CDD-2,Control,CAP-FC,Capability,CONTROL_REALIZES_CAPABILITY,1.0,2026-06-25
CTL-CDD-2,Control,EVD-CTL-CDD-2-EV-AUDIT,Evidence,CONTROL_EVIDENCED_BY,1.0,2026-06-25
EVD-CTL-CDD-2-EV-AUDIT,Evidence,TEC-FABRIC,Technology,EVIDENCE_PRODUCED_BY_TECHNOLOGY,1.0,2026-06-25
CTL-CDD-2,Control,EVD-CTL-CDD-2-EV-CLASS,Evidence,CONTROL_EVIDENCED_BY,1.0,2026-06-25
EVD-CTL-CDD-2-EV-CLASS,Evidence,TEC-PURVIEW,Technology,EVIDENCE_PRODUCED_BY_TECHNOLOGY,1.0,2026-06-25
CTL-CDD-2,Control,PR-ONBOARD,BusinessProcess,CONTROL_OPERATES_IN_PROCESS,1.0,2026-06-25
CTL-CDD-3,Control,SYS-KYC,System,CONTROL_IMPLEMENTED_IN_SYSTEM,1.0,2026-06-25
CTL-CDD-3,Control,SYS-TM,System,CONTROL_IMPLEMENTED_IN_SYSTEM,1.0,2026-06-25
CTL-CDD-3,Control,RK-FINCRIME,Risk,CONTROL_MITIGATES_RISK,1.0,2026-06-25
CTL-CDD-3,Control,CAP-FC,Capability,CONTROL_REALIZES_CAPABILITY,1.0,2026-06-25
CTL-CDD-3,Control,EVD-CTL-CDD-3-EV-AUDIT,Evidence,CONTROL_EVIDENCED_BY,1.0,2026-06-25
EVD-CTL-CDD-3-EV-AUDIT,Evidence,TEC-FABRIC,Technology,EVIDENCE_PRODUCED_BY_TECHNOLOGY,1.0,2026-06-25
CTL-CDD-3,Control,EVD-CTL-CDD-3-EV-CLASS,Evidence,CONTROL_EVIDENCED_BY,1.0,2026-06-25
EVD-CTL-CDD-3-EV-CLASS,Evidence,TEC-PURVIEW,Technology,EVIDENCE_PRODUCED_BY_TECHNOLOGY,1.0,2026-06-25
CTL-CDD-3,Control,PR-ONBOARD,BusinessProcess,CONTROL_OPERATES_IN_PROCESS,1.0,2026-06-25
CTL-CDD-3,Control,PR-PAYMENTS,BusinessProcess,CONTROL_OPERATES_IN_PROCESS,1.0,2026-06-25
CTL-CDD-3,Control,PR-FRAUD,BusinessProcess,CONTROL_OPERATES_IN_PROCESS,1.0,2026-06-25
CTL-SAN-1,Control,SYS-SANCT,System,CONTROL_IMPLEMENTED_IN_SYSTEM,1.0,2026-06-25
CTL-SAN-1,Control,SYS-PAY,System,CONTROL_IMPLEMENTED_IN_SYSTEM,1.0,2026-06-25
CTL-SAN-1,Control,RK-FINCRIME,Risk,CONTROL_MITIGATES_RISK,1.0,2026-06-25
CTL-SAN-1,Control,CAP-SANCT,Capability,CONTROL_REALIZES_CAPABILITY,1.0,2026-06-25
CTL-SAN-1,Control,EVD-CTL-SAN-1-EV-AUDIT,Evidence,CONTROL_EVIDENCED_BY,1.0,2026-06-25
EVD-CTL-SAN-1-EV-AUDIT,Evidence,TEC-FABRIC,Technology,EVIDENCE_PRODUCED_BY_TECHNOLOGY,1.0,2026-06-25
CTL-SAN-1,Control,PR-PAYMENTS,BusinessProcess,CONTROL_OPERATES_IN_PROCESS,1.0,2026-06-25
CTL-SAN-1,Control,PR-FRAUD,BusinessProcess,CONTROL_OPERATES_IN_PROCESS,1.0,2026-06-25
CTL-SAN-2,Control,SYS-SANCT,System,CONTROL_IMPLEMENTED_IN_SYSTEM,1.0,2026-06-25
CTL-SAN-2,Control,RK-FINCRIME,Risk,CONTROL_MITIGATES_RISK,1.0,2026-06-25
CTL-SAN-2,Control,CAP-SANCT,Capability,CONTROL_REALIZES_CAPABILITY,1.0,2026-06-25
CTL-SAN-2,Control,EVD-CTL-SAN-2-EV-AUDIT,Evidence,CONTROL_EVIDENCED_BY,1.0,2026-06-25
EVD-CTL-SAN-2-EV-AUDIT,Evidence,TEC-FABRIC,Technology,EVIDENCE_PRODUCED_BY_TECHNOLOGY,1.0,2026-06-25
CTL-SAN-2,Control,PR-PAYMENTS,BusinessProcess,CONTROL_OPERATES_IN_PROCESS,1.0,2026-06-25
CTL-SAN-2,Control,PR-FRAUD,BusinessProcess,CONTROL_OPERATES_IN_PROCESS,1.0,2026-06-25
CTL-TM-1,Control,SYS-TM,System,CONTROL_IMPLEMENTED_IN_SYSTEM,1.0,2026-06-25
CTL-TM-1,Control,RK-FINCRIME,Risk,CONTROL_MITIGATES_RISK,1.0,2026-06-25
CTL-TM-1,Control,CAP-FC,Capability,CONTROL_REALIZES_CAPABILITY,1.0,2026-06-25
CTL-TM-1,Control,EVD-CTL-TM-1-EV-SAR,Evidence,CONTROL_EVIDENCED_BY,1.0,2026-06-25
EVD-CTL-TM-1-EV-SAR,Evidence,TEC-FABRIC,Technology,EVIDENCE_PRODUCED_BY_TECHNOLOGY,1.0,2026-06-25
CTL-TM-1,Control,EVD-CTL-TM-1-EV-AUDIT,Evidence,CONTROL_EVIDENCED_BY,1.0,2026-06-25
EVD-CTL-TM-1-EV-AUDIT,Evidence,TEC-FABRIC,Technology,EVIDENCE_PRODUCED_BY_TECHNOLOGY,1.0,2026-06-25
CTL-TM-1,Control,PR-PAYMENTS,BusinessProcess,CONTROL_OPERATES_IN_PROCESS,1.0,2026-06-25
CTL-TM-1,Control,PR-FRAUD,BusinessProcess,CONTROL_OPERATES_IN_PROCESS,1.0,2026-06-25
CTL-TM-2,Control,SYS-TM,System,CONTROL_IMPLEMENTED_IN_SYSTEM,1.0,2026-06-25
CTL-TM-2,Control,RK-FINCRIME,Risk,CONTROL_MITIGATES_RISK,1.0,2026-06-25
CTL-TM-2,Control,CAP-FC,Capability,CONTROL_REALIZES_CAPABILITY,1.0,2026-06-25
CTL-TM-2,Control,EVD-CTL-TM-2-EV-SAR,Evidence,CONTROL_EVIDENCED_BY,1.0,2026-06-25
EVD-CTL-TM-2-EV-SAR,Evidence,TEC-FABRIC,Technology,EVIDENCE_PRODUCED_BY_TECHNOLOGY,1.0,2026-06-25
CTL-TM-2,Control,EVD-CTL-TM-2-EV-AUDIT,Evidence,CONTROL_EVIDENCED_BY,1.0,2026-06-25
EVD-CTL-TM-2-EV-AUDIT,Evidence,TEC-FABRIC,Technology,EVIDENCE_PRODUCED_BY_TECHNOLOGY,1.0,2026-06-25
CTL-TM-2,Control,PR-PAYMENTS,BusinessProcess,CONTROL_OPERATES_IN_PROCESS,1.0,2026-06-25
CTL-TM-2,Control,PR-FRAUD,BusinessProcess,CONTROL_OPERATES_IN_PROCESS,1.0,2026-06-25
CTL-TM-3,Control,SYS-TM,System,CONTROL_IMPLEMENTED_IN_SYSTEM,1.0,2026-06-25
CTL-TM-3,Control,RK-FINCRIME,Risk,CONTROL_MITIGATES_RISK,1.0,2026-06-25
CTL-TM-3,Control,CAP-FC,Capability,CONTROL_REALIZES_CAPABILITY,1.0,2026-06-25
CTL-TM-3,Control,EVD-CTL-TM-3-EV-SAR,Evidence,CONTROL_EVIDENCED_BY,1.0,2026-06-25
EVD-CTL-TM-3-EV-SAR,Evidence,TEC-FABRIC,Technology,EVIDENCE_PRODUCED_BY_TECHNOLOGY,1.0,2026-06-25
CTL-TM-3,Control,EVD-CTL-TM-3-EV-AUDIT,Evidence,CONTROL_EVIDENCED_BY,1.0,2026-06-25
EVD-CTL-TM-3-EV-AUDIT,Evidence,TEC-FABRIC,Technology,EVIDENCE_PRODUCED_BY_TECHNOLOGY,1.0,2026-06-25
CTL-TM-3,Control,PR-PAYMENTS,BusinessProcess,CONTROL_OPERATES_IN_PROCESS,1.0,2026-06-25
CTL-TM-3,Control,PR-FRAUD,BusinessProcess,CONTROL_OPERATES_IN_PROCESS,1.0,2026-06-25
CTL-OR-1,Control,SYS-CORE,System,CONTROL_IMPLEMENTED_IN_SYSTEM,1.0,2026-06-25
CTL-OR-1,Control,SYS-PAY,System,CONTROL_IMPLEMENTED_IN_SYSTEM,1.0,2026-06-25
CTL-OR-1,Control,RK-OPRES,Risk,CONTROL_MITIGATES_RISK,1.0,2026-06-25
CTL-OR-1,Control,CAP-RES,Capability,CONTROL_REALIZES_CAPABILITY,1.0,2026-06-25
CTL-OR-1,Control,EVD-CTL-OR-1-EV-BCP,Evidence,CONTROL_EVIDENCED_BY,1.0,2026-06-25
EVD-CTL-OR-1-EV-BCP,Evidence,TEC-SERVICENOW,Technology,EVIDENCE_PRODUCED_BY_TECHNOLOGY,1.0,2026-06-25
CTL-OR-1,Control,PR-ONBOARD,BusinessProcess,CONTROL_OPERATES_IN_PROCESS,1.0,2026-06-25
CTL-OR-1,Control,PR-PAYMENTS,BusinessProcess,CONTROL_OPERATES_IN_PROCESS,1.0,2026-06-25
CTL-OR-1,Control,PR-LENDING,BusinessProcess,CONTROL_OPERATES_IN_PROCESS,1.0,2026-06-25
CTL-OR-1,Control,PR-SERVICE,BusinessProcess,CONTROL_OPERATES_IN_PROCESS,1.0,2026-06-25
CTL-OR-2,Control,SYS-CORE,System,CONTROL_IMPLEMENTED_IN_SYSTEM,1.0,2026-06-25
CTL-OR-2,Control,RK-OPRES,Risk,CONTROL_MITIGATES_RISK,1.0,2026-06-25
CTL-OR-2,Control,CAP-RES,Capability,CONTROL_REALIZES_CAPABILITY,1.0,2026-06-25
CTL-OR-2,Control,EVD-CTL-OR-2-EV-BCP,Evidence,CONTROL_EVIDENCED_BY,1.0,2026-06-25
EVD-CTL-OR-2-EV-BCP,Evidence,TEC-SERVICENOW,Technology,EVIDENCE_PRODUCED_BY_TECHNOLOGY,1.0,2026-06-25
CTL-OR-2,Control,PR-ONBOARD,BusinessProcess,CONTROL_OPERATES_IN_PROCESS,1.0,2026-06-25
CTL-OR-2,Control,PR-PAYMENTS,BusinessProcess,CONTROL_OPERATES_IN_PROCESS,1.0,2026-06-25
CTL-OR-2,Control,PR-LENDING,BusinessProcess,CONTROL_OPERATES_IN_PROCESS,1.0,2026-06-25
CTL-OR-2,Control,PR-SERVICE,BusinessProcess,CONTROL_OPERATES_IN_PROCESS,1.0,2026-06-25
CTL-OR-3,Control,SYS-LAKE,System,CONTROL_IMPLEMENTED_IN_SYSTEM,1.0,2026-06-25
CTL-OR-3,Control,SYS-CORE,System,CONTROL_IMPLEMENTED_IN_SYSTEM,1.0,2026-06-25
CTL-OR-3,Control,RK-OPRES,Risk,CONTROL_MITIGATES_RISK,1.0,2026-06-25
CTL-OR-3,Control,CAP-RES,Capability,CONTROL_REALIZES_CAPABILITY,1.0,2026-06-25
CTL-OR-3,Control,EVD-CTL-OR-3-EV-BCP,Evidence,CONTROL_EVIDENCED_BY,1.0,2026-06-25
EVD-CTL-OR-3-EV-BCP,Evidence,TEC-SERVICENOW,Technology,EVIDENCE_PRODUCED_BY_TECHNOLOGY,1.0,2026-06-25
CTL-OR-3,Control,PR-ONBOARD,BusinessProcess,CONTROL_OPERATES_IN_PROCESS,1.0,2026-06-25
CTL-OR-3,Control,PR-PAYMENTS,BusinessProcess,CONTROL_OPERATES_IN_PROCESS,1.0,2026-06-25
CTL-OR-3,Control,PR-LENDING,BusinessProcess,CONTROL_OPERATES_IN_PROCESS,1.0,2026-06-25
CTL-OR-3,Control,PR-REGRPT,BusinessProcess,CONTROL_OPERATES_IN_PROCESS,1.0,2026-06-25
CTL-OR-3,Control,PR-SERVICE,BusinessProcess,CONTROL_OPERATES_IN_PROCESS,1.0,2026-06-25
CTL-OR-3,Control,PR-DATAGOV,BusinessProcess,CONTROL_OPERATES_IN_PROCESS,1.0,2026-06-25
CTL-OR-3,Control,PR-AILIFE,BusinessProcess,CONTROL_OPERATES_IN_PROCESS,1.0,2026-06-25
CTL-IC-1,Control,SYS-IAM,System,CONTROL_IMPLEMENTED_IN_SYSTEM,1.0,2026-06-25
CTL-IC-1,Control,SYS-LAKE,System,CONTROL_IMPLEMENTED_IN_SYSTEM,1.0,2026-06-25
CTL-IC-1,Control,RK-CYBER,Risk,CONTROL_MITIGATES_RISK,1.0,2026-06-25
CTL-IC-1,Control,CAP-INC,Capability,CONTROL_REALIZES_CAPABILITY,1.0,2026-06-25
CTL-IC-1,Control,EVD-CTL-IC-1-EV-INCIDENT,Evidence,CONTROL_EVIDENCED_BY,1.0,2026-06-25
EVD-CTL-IC-1-EV-INCIDENT,Evidence,TEC-SERVICENOW,Technology,EVIDENCE_PRODUCED_BY_TECHNOLOGY,1.0,2026-06-25
CTL-IC-1,Control,EVD-CTL-IC-1-EV-DLP,Evidence,CONTROL_EVIDENCED_BY,1.0,2026-06-25
EVD-CTL-IC-1-EV-DLP,Evidence,TEC-DEFENDER,Technology,EVIDENCE_PRODUCED_BY_TECHNOLOGY,1.0,2026-06-25
CTL-IC-1,Control,PR-ONBOARD,BusinessProcess,CONTROL_OPERATES_IN_PROCESS,1.0,2026-06-25
CTL-IC-1,Control,PR-REGRPT,BusinessProcess,CONTROL_OPERATES_IN_PROCESS,1.0,2026-06-25
CTL-IC-1,Control,PR-SERVICE,BusinessProcess,CONTROL_OPERATES_IN_PROCESS,1.0,2026-06-25
CTL-IC-1,Control,PR-DATAGOV,BusinessProcess,CONTROL_OPERATES_IN_PROCESS,1.0,2026-06-25
CTL-IC-1,Control,PR-AILIFE,BusinessProcess,CONTROL_OPERATES_IN_PROCESS,1.0,2026-06-25
CTL-IC-2,Control,SYS-IAM,System,CONTROL_IMPLEMENTED_IN_SYSTEM,1.0,2026-06-25
CTL-IC-2,Control,RK-CYBER,Risk,CONTROL_MITIGATES_RISK,1.0,2026-06-25
CTL-IC-2,Control,CAP-INC,Capability,CONTROL_REALIZES_CAPABILITY,1.0,2026-06-25
CTL-IC-2,Control,EVD-CTL-IC-2-EV-INCIDENT,Evidence,CONTROL_EVIDENCED_BY,1.0,2026-06-25
EVD-CTL-IC-2-EV-INCIDENT,Evidence,TEC-SERVICENOW,Technology,EVIDENCE_PRODUCED_BY_TECHNOLOGY,1.0,2026-06-25
CTL-IC-2,Control,EVD-CTL-IC-2-EV-DLP,Evidence,CONTROL_EVIDENCED_BY,1.0,2026-06-25
EVD-CTL-IC-2-EV-DLP,Evidence,TEC-DEFENDER,Technology,EVIDENCE_PRODUCED_BY_TECHNOLOGY,1.0,2026-06-25
CTL-IC-2,Control,PR-ONBOARD,BusinessProcess,CONTROL_OPERATES_IN_PROCESS,1.0,2026-06-25
CTL-IC-2,Control,PR-SERVICE,BusinessProcess,CONTROL_OPERATES_IN_PROCESS,1.0,2026-06-25
CTL-IC-2,Control,PR-DATAGOV,BusinessProcess,CONTROL_OPERATES_IN_PROCESS,1.0,2026-06-25
CTL-IC-3,Control,SYS-IAM,System,CONTROL_IMPLEMENTED_IN_SYSTEM,1.0,2026-06-25
CTL-IC-3,Control,RK-CYBER,Risk,CONTROL_MITIGATES_RISK,1.0,2026-06-25
CTL-IC-3,Control,CAP-INC,Capability,CONTROL_REALIZES_CAPABILITY,1.0,2026-06-25
CTL-IC-3,Control,EVD-CTL-IC-3-EV-INCIDENT,Evidence,CONTROL_EVIDENCED_BY,1.0,2026-06-25
EVD-CTL-IC-3-EV-INCIDENT,Evidence,TEC-SERVICENOW,Technology,EVIDENCE_PRODUCED_BY_TECHNOLOGY,1.0,2026-06-25
CTL-IC-3,Control,EVD-CTL-IC-3-EV-DLP,Evidence,CONTROL_EVIDENCED_BY,1.0,2026-06-25
EVD-CTL-IC-3-EV-DLP,Evidence,TEC-DEFENDER,Technology,EVIDENCE_PRODUCED_BY_TECHNOLOGY,1.0,2026-06-25
CTL-IC-3,Control,PR-ONBOARD,BusinessProcess,CONTROL_OPERATES_IN_PROCESS,1.0,2026-06-25
CTL-IC-3,Control,PR-SERVICE,BusinessProcess,CONTROL_OPERATES_IN_PROCESS,1.0,2026-06-25
CTL-IC-3,Control,PR-DATAGOV,BusinessProcess,CONTROL_OPERATES_IN_PROCESS,1.0,2026-06-25
CTL-TP-1,Control,SYS-LAKE,System,CONTROL_IMPLEMENTED_IN_SYSTEM,1.0,2026-06-25
CTL-TP-1,Control,RK-TPR,Risk,CONTROL_MITIGATES_RISK,1.0,2026-06-25
CTL-TP-1,Control,CAP-TPR,Capability,CONTROL_REALIZES_CAPABILITY,1.0,2026-06-25
CTL-TP-1,Control,EVD-CTL-TP-1-EV-AUDIT,Evidence,CONTROL_EVIDENCED_BY,1.0,2026-06-25
EVD-CTL-TP-1-EV-AUDIT,Evidence,TEC-FABRIC,Technology,EVIDENCE_PRODUCED_BY_TECHNOLOGY,1.0,2026-06-25
CTL-TP-1,Control,PR-REGRPT,BusinessProcess,CONTROL_OPERATES_IN_PROCESS,1.0,2026-06-25
CTL-TP-1,Control,PR-DATAGOV,BusinessProcess,CONTROL_OPERATES_IN_PROCESS,1.0,2026-06-25
CTL-TP-1,Control,PR-AILIFE,BusinessProcess,CONTROL_OPERATES_IN_PROCESS,1.0,2026-06-25
CTL-TP-2,Control,SYS-LAKE,System,CONTROL_IMPLEMENTED_IN_SYSTEM,1.0,2026-06-25
CTL-TP-2,Control,RK-TPR,Risk,CONTROL_MITIGATES_RISK,1.0,2026-06-25
CTL-TP-2,Control,CAP-TPR,Capability,CONTROL_REALIZES_CAPABILITY,1.0,2026-06-25
CTL-TP-2,Control,EVD-CTL-TP-2-EV-AUDIT,Evidence,CONTROL_EVIDENCED_BY,1.0,2026-06-25
EVD-CTL-TP-2-EV-AUDIT,Evidence,TEC-FABRIC,Technology,EVIDENCE_PRODUCED_BY_TECHNOLOGY,1.0,2026-06-25
CTL-TP-2,Control,PR-REGRPT,BusinessProcess,CONTROL_OPERATES_IN_PROCESS,1.0,2026-06-25
CTL-TP-2,Control,PR-DATAGOV,BusinessProcess,CONTROL_OPERATES_IN_PROCESS,1.0,2026-06-25
CTL-TP-2,Control,PR-AILIFE,BusinessProcess,CONTROL_OPERATES_IN_PROCESS,1.0,2026-06-25
CTL-CY-1,Control,SYS-IAM,System,CONTROL_IMPLEMENTED_IN_SYSTEM,1.0,2026-06-25
CTL-CY-1,Control,SYS-LAKE,System,CONTROL_IMPLEMENTED_IN_SYSTEM,1.0,2026-06-25
CTL-CY-1,Control,RK-CYBER,Risk,CONTROL_MITIGATES_RISK,1.0,2026-06-25
CTL-CY-1,Control,CAP-CYBER,Capability,CONTROL_REALIZES_CAPABILITY,1.0,2026-06-25
CTL-CY-1,Control,EVD-CTL-CY-1-EV-DLP,Evidence,CONTROL_EVIDENCED_BY,1.0,2026-06-25
EVD-CTL-CY-1-EV-DLP,Evidence,TEC-DEFENDER,Technology,EVIDENCE_PRODUCED_BY_TECHNOLOGY,1.0,2026-06-25
CTL-CY-1,Control,EVD-CTL-CY-1-EV-ACCESS,Evidence,CONTROL_EVIDENCED_BY,1.0,2026-06-25
EVD-CTL-CY-1-EV-ACCESS,Evidence,TEC-ENTRA,Technology,EVIDENCE_PRODUCED_BY_TECHNOLOGY,1.0,2026-06-25
CTL-CY-1,Control,PR-ONBOARD,BusinessProcess,CONTROL_OPERATES_IN_PROCESS,1.0,2026-06-25
CTL-CY-1,Control,PR-REGRPT,BusinessProcess,CONTROL_OPERATES_IN_PROCESS,1.0,2026-06-25
CTL-CY-1,Control,PR-SERVICE,BusinessProcess,CONTROL_OPERATES_IN_PROCESS,1.0,2026-06-25
CTL-CY-1,Control,PR-DATAGOV,BusinessProcess,CONTROL_OPERATES_IN_PROCESS,1.0,2026-06-25
CTL-CY-1,Control,PR-AILIFE,BusinessProcess,CONTROL_OPERATES_IN_PROCESS,1.0,2026-06-25
CTL-CY-2,Control,SYS-IAM,System,CONTROL_IMPLEMENTED_IN_SYSTEM,1.0,2026-06-25
CTL-CY-2,Control,RK-CYBER,Risk,CONTROL_MITIGATES_RISK,1.0,2026-06-25
CTL-CY-2,Control,CAP-CYBER,Capability,CONTROL_REALIZES_CAPABILITY,1.0,2026-06-25
CTL-CY-2,Control,EVD-CTL-CY-2-EV-DLP,Evidence,CONTROL_EVIDENCED_BY,1.0,2026-06-25
EVD-CTL-CY-2-EV-DLP,Evidence,TEC-DEFENDER,Technology,EVIDENCE_PRODUCED_BY_TECHNOLOGY,1.0,2026-06-25
CTL-CY-2,Control,EVD-CTL-CY-2-EV-ACCESS,Evidence,CONTROL_EVIDENCED_BY,1.0,2026-06-25
EVD-CTL-CY-2-EV-ACCESS,Evidence,TEC-ENTRA,Technology,EVIDENCE_PRODUCED_BY_TECHNOLOGY,1.0,2026-06-25
CTL-CY-2,Control,PR-ONBOARD,BusinessProcess,CONTROL_OPERATES_IN_PROCESS,1.0,2026-06-25
CTL-CY-2,Control,PR-SERVICE,BusinessProcess,CONTROL_OPERATES_IN_PROCESS,1.0,2026-06-25
CTL-CY-2,Control,PR-DATAGOV,BusinessProcess,CONTROL_OPERATES_IN_PROCESS,1.0,2026-06-25
CTL-AC-1,Control,SYS-IAM,System,CONTROL_IMPLEMENTED_IN_SYSTEM,1.0,2026-06-25
CTL-AC-1,Control,RK-CYBER,Risk,CONTROL_MITIGATES_RISK,1.0,2026-06-25
CTL-AC-1,Control,CAP-AC,Capability,CONTROL_REALIZES_CAPABILITY,1.0,2026-06-25
CTL-AC-1,Control,EVD-CTL-AC-1-EV-ACCESS,Evidence,CONTROL_EVIDENCED_BY,1.0,2026-06-25
EVD-CTL-AC-1-EV-ACCESS,Evidence,TEC-ENTRA,Technology,EVIDENCE_PRODUCED_BY_TECHNOLOGY,1.0,2026-06-25
CTL-AC-1,Control,PR-ONBOARD,BusinessProcess,CONTROL_OPERATES_IN_PROCESS,1.0,2026-06-25
CTL-AC-1,Control,PR-SERVICE,BusinessProcess,CONTROL_OPERATES_IN_PROCESS,1.0,2026-06-25
CTL-AC-1,Control,PR-DATAGOV,BusinessProcess,CONTROL_OPERATES_IN_PROCESS,1.0,2026-06-25
CTL-AC-2,Control,SYS-IAM,System,CONTROL_IMPLEMENTED_IN_SYSTEM,1.0,2026-06-25
CTL-AC-2,Control,RK-CYBER,Risk,CONTROL_MITIGATES_RISK,1.0,2026-06-25
CTL-AC-2,Control,CAP-AC,Capability,CONTROL_REALIZES_CAPABILITY,1.0,2026-06-25
CTL-AC-2,Control,EVD-CTL-AC-2-EV-ACCESS,Evidence,CONTROL_EVIDENCED_BY,1.0,2026-06-25
EVD-CTL-AC-2-EV-ACCESS,Evidence,TEC-ENTRA,Technology,EVIDENCE_PRODUCED_BY_TECHNOLOGY,1.0,2026-06-25
CTL-AC-2,Control,PR-ONBOARD,BusinessProcess,CONTROL_OPERATES_IN_PROCESS,1.0,2026-06-25
CTL-AC-2,Control,PR-SERVICE,BusinessProcess,CONTROL_OPERATES_IN_PROCESS,1.0,2026-06-25
CTL-AC-2,Control,PR-DATAGOV,BusinessProcess,CONTROL_OPERATES_IN_PROCESS,1.0,2026-06-25
CTL-CAP-1,Control,SYS-CREDIT,System,CONTROL_IMPLEMENTED_IN_SYSTEM,1.0,2026-06-25
CTL-CAP-1,Control,SYS-REGRPT,System,CONTROL_IMPLEMENTED_IN_SYSTEM,1.0,2026-06-25
CTL-CAP-1,Control,RK-CREDIT,Risk,CONTROL_MITIGATES_RISK,1.0,2026-06-25
CTL-CAP-1,Control,CAP-CAPITAL,Capability,CONTROL_REALIZES_CAPABILITY,1.0,2026-06-25
CTL-CAP-1,Control,EVD-CTL-CAP-1-EV-CAPREC,Evidence,CONTROL_EVIDENCED_BY,1.0,2026-06-25
EVD-CTL-CAP-1-EV-CAPREC,Evidence,TEC-FABRIC,Technology,EVIDENCE_PRODUCED_BY_TECHNOLOGY,1.0,2026-06-25
CTL-CAP-1,Control,EVD-CTL-CAP-1-EV-AUDIT,Evidence,CONTROL_EVIDENCED_BY,1.0,2026-06-25
EVD-CTL-CAP-1-EV-AUDIT,Evidence,TEC-FABRIC,Technology,EVIDENCE_PRODUCED_BY_TECHNOLOGY,1.0,2026-06-25
CTL-CAP-1,Control,PR-LENDING,BusinessProcess,CONTROL_OPERATES_IN_PROCESS,1.0,2026-06-25
CTL-CAP-1,Control,PR-TRADING,BusinessProcess,CONTROL_OPERATES_IN_PROCESS,1.0,2026-06-25
CTL-CAP-1,Control,PR-REGRPT,BusinessProcess,CONTROL_OPERATES_IN_PROCESS,1.0,2026-06-25
CTL-CAP-1,Control,PR-AILIFE,BusinessProcess,CONTROL_OPERATES_IN_PROCESS,1.0,2026-06-25
CTL-CAP-2,Control,SYS-REGRPT,System,CONTROL_IMPLEMENTED_IN_SYSTEM,1.0,2026-06-25
CTL-CAP-2,Control,RK-CREDIT,Risk,CONTROL_MITIGATES_RISK,1.0,2026-06-25
CTL-CAP-2,Control,CAP-CAPITAL,Capability,CONTROL_REALIZES_CAPABILITY,1.0,2026-06-25
CTL-CAP-2,Control,EVD-CTL-CAP-2-EV-CAPREC,Evidence,CONTROL_EVIDENCED_BY,1.0,2026-06-25
EVD-CTL-CAP-2-EV-CAPREC,Evidence,TEC-FABRIC,Technology,EVIDENCE_PRODUCED_BY_TECHNOLOGY,1.0,2026-06-25
CTL-CAP-2,Control,EVD-CTL-CAP-2-EV-AUDIT,Evidence,CONTROL_EVIDENCED_BY,1.0,2026-06-25
EVD-CTL-CAP-2-EV-AUDIT,Evidence,TEC-FABRIC,Technology,EVIDENCE_PRODUCED_BY_TECHNOLOGY,1.0,2026-06-25
CTL-CAP-2,Control,PR-TRADING,BusinessProcess,CONTROL_OPERATES_IN_PROCESS,1.0,2026-06-25
CTL-CAP-2,Control,PR-REGRPT,BusinessProcess,CONTROL_OPERATES_IN_PROCESS,1.0,2026-06-25
CTL-DQ-1,Control,SYS-LAKE,System,CONTROL_IMPLEMENTED_IN_SYSTEM,1.0,2026-06-25
CTL-DQ-1,Control,RK-REPORT,Risk,CONTROL_MITIGATES_RISK,1.0,2026-06-25
CTL-DQ-1,Control,CAP-DQ,Capability,CONTROL_REALIZES_CAPABILITY,1.0,2026-06-25
CTL-DQ-1,Control,EVD-CTL-DQ-1-EV-DQ,Evidence,CONTROL_EVIDENCED_BY,1.0,2026-06-25
EVD-CTL-DQ-1-EV-DQ,Evidence,TEC-FABRIC,Technology,EVIDENCE_PRODUCED_BY_TECHNOLOGY,1.0,2026-06-25
CTL-DQ-1,Control,EVD-CTL-DQ-1-EV-CLASS,Evidence,CONTROL_EVIDENCED_BY,1.0,2026-06-25
EVD-CTL-DQ-1-EV-CLASS,Evidence,TEC-PURVIEW,Technology,EVIDENCE_PRODUCED_BY_TECHNOLOGY,1.0,2026-06-25
CTL-DQ-1,Control,PR-REGRPT,BusinessProcess,CONTROL_OPERATES_IN_PROCESS,1.0,2026-06-25
CTL-DQ-1,Control,PR-DATAGOV,BusinessProcess,CONTROL_OPERATES_IN_PROCESS,1.0,2026-06-25
CTL-DQ-1,Control,PR-AILIFE,BusinessProcess,CONTROL_OPERATES_IN_PROCESS,1.0,2026-06-25
CTL-DQ-2,Control,SYS-LAKE,System,CONTROL_IMPLEMENTED_IN_SYSTEM,1.0,2026-06-25
CTL-DQ-2,Control,RK-REPORT,Risk,CONTROL_MITIGATES_RISK,1.0,2026-06-25
CTL-DQ-2,Control,CAP-DQ,Capability,CONTROL_REALIZES_CAPABILITY,1.0,2026-06-25
CTL-DQ-2,Control,EVD-CTL-DQ-2-EV-DQ,Evidence,CONTROL_EVIDENCED_BY,1.0,2026-06-25
EVD-CTL-DQ-2-EV-DQ,Evidence,TEC-FABRIC,Technology,EVIDENCE_PRODUCED_BY_TECHNOLOGY,1.0,2026-06-25
CTL-DQ-2,Control,EVD-CTL-DQ-2-EV-CLASS,Evidence,CONTROL_EVIDENCED_BY,1.0,2026-06-25
EVD-CTL-DQ-2-EV-CLASS,Evidence,TEC-PURVIEW,Technology,EVIDENCE_PRODUCED_BY_TECHNOLOGY,1.0,2026-06-25
CTL-DQ-2,Control,PR-REGRPT,BusinessProcess,CONTROL_OPERATES_IN_PROCESS,1.0,2026-06-25
CTL-DQ-2,Control,PR-DATAGOV,BusinessProcess,CONTROL_OPERATES_IN_PROCESS,1.0,2026-06-25
CTL-DQ-2,Control,PR-AILIFE,BusinessProcess,CONTROL_OPERATES_IN_PROCESS,1.0,2026-06-25
CTL-LIN-1,Control,SYS-LAKE,System,CONTROL_IMPLEMENTED_IN_SYSTEM,1.0,2026-06-25
CTL-LIN-1,Control,SYS-REGRPT,System,CONTROL_IMPLEMENTED_IN_SYSTEM,1.0,2026-06-25
CTL-LIN-1,Control,RK-REPORT,Risk,CONTROL_MITIGATES_RISK,1.0,2026-06-25
CTL-LIN-1,Control,CAP-LIN,Capability,CONTROL_REALIZES_CAPABILITY,1.0,2026-06-25
CTL-LIN-1,Control,EVD-CTL-LIN-1-EV-LINEAGE,Evidence,CONTROL_EVIDENCED_BY,1.0,2026-06-25
EVD-CTL-LIN-1-EV-LINEAGE,Evidence,TEC-PURVIEW,Technology,EVIDENCE_PRODUCED_BY_TECHNOLOGY,1.0,2026-06-25
CTL-LIN-1,Control,EVD-CTL-LIN-1-EV-AUDIT,Evidence,CONTROL_EVIDENCED_BY,1.0,2026-06-25
EVD-CTL-LIN-1-EV-AUDIT,Evidence,TEC-FABRIC,Technology,EVIDENCE_PRODUCED_BY_TECHNOLOGY,1.0,2026-06-25
CTL-LIN-1,Control,PR-TRADING,BusinessProcess,CONTROL_OPERATES_IN_PROCESS,1.0,2026-06-25
CTL-LIN-1,Control,PR-REGRPT,BusinessProcess,CONTROL_OPERATES_IN_PROCESS,1.0,2026-06-25
CTL-LIN-1,Control,PR-DATAGOV,BusinessProcess,CONTROL_OPERATES_IN_PROCESS,1.0,2026-06-25
CTL-LIN-1,Control,PR-AILIFE,BusinessProcess,CONTROL_OPERATES_IN_PROCESS,1.0,2026-06-25
CTL-LIN-2,Control,SYS-REGRPT,System,CONTROL_IMPLEMENTED_IN_SYSTEM,1.0,2026-06-25
CTL-LIN-2,Control,SYS-GL,System,CONTROL_IMPLEMENTED_IN_SYSTEM,1.0,2026-06-25
CTL-LIN-2,Control,RK-REPORT,Risk,CONTROL_MITIGATES_RISK,1.0,2026-06-25
CTL-LIN-2,Control,CAP-LIN,Capability,CONTROL_REALIZES_CAPABILITY,1.0,2026-06-25
CTL-LIN-2,Control,EVD-CTL-LIN-2-EV-LINEAGE,Evidence,CONTROL_EVIDENCED_BY,1.0,2026-06-25
EVD-CTL-LIN-2-EV-LINEAGE,Evidence,TEC-PURVIEW,Technology,EVIDENCE_PRODUCED_BY_TECHNOLOGY,1.0,2026-06-25
CTL-LIN-2,Control,EVD-CTL-LIN-2-EV-AUDIT,Evidence,CONTROL_EVIDENCED_BY,1.0,2026-06-25
EVD-CTL-LIN-2-EV-AUDIT,Evidence,TEC-FABRIC,Technology,EVIDENCE_PRODUCED_BY_TECHNOLOGY,1.0,2026-06-25
CTL-LIN-2,Control,PR-TRADING,BusinessProcess,CONTROL_OPERATES_IN_PROCESS,1.0,2026-06-25
CTL-LIN-2,Control,PR-REGRPT,BusinessProcess,CONTROL_OPERATES_IN_PROCESS,1.0,2026-06-25
CTL-MD-1,Control,SYS-LAKE,System,CONTROL_IMPLEMENTED_IN_SYSTEM,1.0,2026-06-25
CTL-MD-1,Control,RK-REPORT,Risk,CONTROL_MITIGATES_RISK,1.0,2026-06-25
CTL-MD-1,Control,CAP-MDM,Capability,CONTROL_REALIZES_CAPABILITY,1.0,2026-06-25
CTL-MD-1,Control,EVD-CTL-MD-1-EV-CLASS,Evidence,CONTROL_EVIDENCED_BY,1.0,2026-06-25
EVD-CTL-MD-1-EV-CLASS,Evidence,TEC-PURVIEW,Technology,EVIDENCE_PRODUCED_BY_TECHNOLOGY,1.0,2026-06-25
CTL-MD-1,Control,EVD-CTL-MD-1-EV-LINEAGE,Evidence,CONTROL_EVIDENCED_BY,1.0,2026-06-25
EVD-CTL-MD-1-EV-LINEAGE,Evidence,TEC-PURVIEW,Technology,EVIDENCE_PRODUCED_BY_TECHNOLOGY,1.0,2026-06-25
CTL-MD-1,Control,PR-REGRPT,BusinessProcess,CONTROL_OPERATES_IN_PROCESS,1.0,2026-06-25
CTL-MD-1,Control,PR-DATAGOV,BusinessProcess,CONTROL_OPERATES_IN_PROCESS,1.0,2026-06-25
CTL-MD-1,Control,PR-AILIFE,BusinessProcess,CONTROL_OPERATES_IN_PROCESS,1.0,2026-06-25
CTL-MD-2,Control,SYS-LAKE,System,CONTROL_IMPLEMENTED_IN_SYSTEM,1.0,2026-06-25
CTL-MD-2,Control,RK-REPORT,Risk,CONTROL_MITIGATES_RISK,1.0,2026-06-25
CTL-MD-2,Control,CAP-MDM,Capability,CONTROL_REALIZES_CAPABILITY,1.0,2026-06-25
CTL-MD-2,Control,EVD-CTL-MD-2-EV-CLASS,Evidence,CONTROL_EVIDENCED_BY,1.0,2026-06-25
EVD-CTL-MD-2-EV-CLASS,Evidence,TEC-PURVIEW,Technology,EVIDENCE_PRODUCED_BY_TECHNOLOGY,1.0,2026-06-25
CTL-MD-2,Control,EVD-CTL-MD-2-EV-LINEAGE,Evidence,CONTROL_EVIDENCED_BY,1.0,2026-06-25
EVD-CTL-MD-2-EV-LINEAGE,Evidence,TEC-PURVIEW,Technology,EVIDENCE_PRODUCED_BY_TECHNOLOGY,1.0,2026-06-25
CTL-MD-2,Control,PR-REGRPT,BusinessProcess,CONTROL_OPERATES_IN_PROCESS,1.0,2026-06-25
CTL-MD-2,Control,PR-DATAGOV,BusinessProcess,CONTROL_OPERATES_IN_PROCESS,1.0,2026-06-25
CTL-MD-2,Control,PR-AILIFE,BusinessProcess,CONTROL_OPERATES_IN_PROCESS,1.0,2026-06-25
CTL-RT-1,Control,SYS-LAKE,System,CONTROL_IMPLEMENTED_IN_SYSTEM,1.0,2026-06-25
CTL-RT-1,Control,SYS-CORE,System,CONTROL_IMPLEMENTED_IN_SYSTEM,1.0,2026-06-25
CTL-RT-1,Control,RK-PRIV,Risk,CONTROL_MITIGATES_RISK,1.0,2026-06-25
CTL-RT-1,Control,CAP-RET,Capability,CONTROL_REALIZES_CAPABILITY,1.0,2026-06-25
CTL-RT-1,Control,EVD-CTL-RT-1-EV-RETENTION,Evidence,CONTROL_EVIDENCED_BY,1.0,2026-06-25
EVD-CTL-RT-1-EV-RETENTION,Evidence,TEC-PURVIEW,Technology,EVIDENCE_PRODUCED_BY_TECHNOLOGY,1.0,2026-06-25
CTL-RT-1,Control,PR-ONBOARD,BusinessProcess,CONTROL_OPERATES_IN_PROCESS,1.0,2026-06-25
CTL-RT-1,Control,PR-PAYMENTS,BusinessProcess,CONTROL_OPERATES_IN_PROCESS,1.0,2026-06-25
CTL-RT-1,Control,PR-LENDING,BusinessProcess,CONTROL_OPERATES_IN_PROCESS,1.0,2026-06-25
CTL-RT-1,Control,PR-REGRPT,BusinessProcess,CONTROL_OPERATES_IN_PROCESS,1.0,2026-06-25
CTL-RT-1,Control,PR-SERVICE,BusinessProcess,CONTROL_OPERATES_IN_PROCESS,1.0,2026-06-25
CTL-RT-1,Control,PR-DATAGOV,BusinessProcess,CONTROL_OPERATES_IN_PROCESS,1.0,2026-06-25
CTL-RT-1,Control,PR-AILIFE,BusinessProcess,CONTROL_OPERATES_IN_PROCESS,1.0,2026-06-25
CTL-PR-1,Control,SYS-CRM,System,CONTROL_IMPLEMENTED_IN_SYSTEM,1.0,2026-06-25
CTL-PR-1,Control,SYS-IAM,System,CONTROL_IMPLEMENTED_IN_SYSTEM,1.0,2026-06-25
CTL-PR-1,Control,RK-PRIV,Risk,CONTROL_MITIGATES_RISK,1.0,2026-06-25
CTL-PR-1,Control,CAP-PII,Capability,CONTROL_REALIZES_CAPABILITY,1.0,2026-06-25
CTL-PR-1,Control,EVD-CTL-PR-1-EV-CLASS,Evidence,CONTROL_EVIDENCED_BY,1.0,2026-06-25
EVD-CTL-PR-1-EV-CLASS,Evidence,TEC-PURVIEW,Technology,EVIDENCE_PRODUCED_BY_TECHNOLOGY,1.0,2026-06-25
CTL-PR-1,Control,EVD-CTL-PR-1-EV-DLP,Evidence,CONTROL_EVIDENCED_BY,1.0,2026-06-25
EVD-CTL-PR-1-EV-DLP,Evidence,TEC-DEFENDER,Technology,EVIDENCE_PRODUCED_BY_TECHNOLOGY,1.0,2026-06-25
CTL-PR-1,Control,PR-ONBOARD,BusinessProcess,CONTROL_OPERATES_IN_PROCESS,1.0,2026-06-25
CTL-PR-1,Control,PR-SERVICE,BusinessProcess,CONTROL_OPERATES_IN_PROCESS,1.0,2026-06-25
CTL-PR-1,Control,PR-DATAGOV,BusinessProcess,CONTROL_OPERATES_IN_PROCESS,1.0,2026-06-25
CTL-PR-2,Control,SYS-CRM,System,CONTROL_IMPLEMENTED_IN_SYSTEM,1.0,2026-06-25
CTL-PR-2,Control,SYS-CORE,System,CONTROL_IMPLEMENTED_IN_SYSTEM,1.0,2026-06-25
CTL-PR-2,Control,RK-PRIV,Risk,CONTROL_MITIGATES_RISK,1.0,2026-06-25
CTL-PR-2,Control,CAP-PII,Capability,CONTROL_REALIZES_CAPABILITY,1.0,2026-06-25
CTL-PR-2,Control,EVD-CTL-PR-2-EV-CLASS,Evidence,CONTROL_EVIDENCED_BY,1.0,2026-06-25
EVD-CTL-PR-2-EV-CLASS,Evidence,TEC-PURVIEW,Technology,EVIDENCE_PRODUCED_BY_TECHNOLOGY,1.0,2026-06-25
CTL-PR-2,Control,EVD-CTL-PR-2-EV-DLP,Evidence,CONTROL_EVIDENCED_BY,1.0,2026-06-25
EVD-CTL-PR-2-EV-DLP,Evidence,TEC-DEFENDER,Technology,EVIDENCE_PRODUCED_BY_TECHNOLOGY,1.0,2026-06-25
CTL-PR-2,Control,PR-ONBOARD,BusinessProcess,CONTROL_OPERATES_IN_PROCESS,1.0,2026-06-25
CTL-PR-2,Control,PR-PAYMENTS,BusinessProcess,CONTROL_OPERATES_IN_PROCESS,1.0,2026-06-25
CTL-PR-2,Control,PR-LENDING,BusinessProcess,CONTROL_OPERATES_IN_PROCESS,1.0,2026-06-25
CTL-PR-2,Control,PR-SERVICE,BusinessProcess,CONTROL_OPERATES_IN_PROCESS,1.0,2026-06-25
CTL-PR-3,Control,SYS-IAM,System,CONTROL_IMPLEMENTED_IN_SYSTEM,1.0,2026-06-25
CTL-PR-3,Control,RK-PRIV,Risk,CONTROL_MITIGATES_RISK,1.0,2026-06-25
CTL-PR-3,Control,CAP-PII,Capability,CONTROL_REALIZES_CAPABILITY,1.0,2026-06-25
CTL-PR-3,Control,EVD-CTL-PR-3-EV-CLASS,Evidence,CONTROL_EVIDENCED_BY,1.0,2026-06-25
EVD-CTL-PR-3-EV-CLASS,Evidence,TEC-PURVIEW,Technology,EVIDENCE_PRODUCED_BY_TECHNOLOGY,1.0,2026-06-25
CTL-PR-3,Control,EVD-CTL-PR-3-EV-DLP,Evidence,CONTROL_EVIDENCED_BY,1.0,2026-06-25
EVD-CTL-PR-3-EV-DLP,Evidence,TEC-DEFENDER,Technology,EVIDENCE_PRODUCED_BY_TECHNOLOGY,1.0,2026-06-25
CTL-PR-3,Control,PR-ONBOARD,BusinessProcess,CONTROL_OPERATES_IN_PROCESS,1.0,2026-06-25
CTL-PR-3,Control,PR-SERVICE,BusinessProcess,CONTROL_OPERATES_IN_PROCESS,1.0,2026-06-25
CTL-PR-3,Control,PR-DATAGOV,BusinessProcess,CONTROL_OPERATES_IN_PROCESS,1.0,2026-06-25
CTL-SCA-1,Control,SYS-IAM,System,CONTROL_IMPLEMENTED_IN_SYSTEM,1.0,2026-06-25
CTL-SCA-1,Control,SYS-PAY,System,CONTROL_IMPLEMENTED_IN_SYSTEM,1.0,2026-06-25
CTL-SCA-1,Control,RK-CYBER,Risk,CONTROL_MITIGATES_RISK,1.0,2026-06-25
CTL-SCA-1,Control,CAP-AUTH,Capability,CONTROL_REALIZES_CAPABILITY,1.0,2026-06-25
CTL-SCA-1,Control,EVD-CTL-SCA-1-EV-ACCESS,Evidence,CONTROL_EVIDENCED_BY,1.0,2026-06-25
EVD-CTL-SCA-1-EV-ACCESS,Evidence,TEC-ENTRA,Technology,EVIDENCE_PRODUCED_BY_TECHNOLOGY,1.0,2026-06-25
CTL-SCA-1,Control,EVD-CTL-SCA-1-EV-AUDIT,Evidence,CONTROL_EVIDENCED_BY,1.0,2026-06-25
EVD-CTL-SCA-1-EV-AUDIT,Evidence,TEC-FABRIC,Technology,EVIDENCE_PRODUCED_BY_TECHNOLOGY,1.0,2026-06-25
CTL-SCA-1,Control,PR-ONBOARD,BusinessProcess,CONTROL_OPERATES_IN_PROCESS,1.0,2026-06-25
CTL-SCA-1,Control,PR-PAYMENTS,BusinessProcess,CONTROL_OPERATES_IN_PROCESS,1.0,2026-06-25
CTL-SCA-1,Control,PR-SERVICE,BusinessProcess,CONTROL_OPERATES_IN_PROCESS,1.0,2026-06-25
CTL-SCA-1,Control,PR-DATAGOV,BusinessProcess,CONTROL_OPERATES_IN_PROCESS,1.0,2026-06-25
CTL-SCA-2,Control,SYS-PAY,System,CONTROL_IMPLEMENTED_IN_SYSTEM,1.0,2026-06-25
CTL-SCA-2,Control,SYS-TM,System,CONTROL_IMPLEMENTED_IN_SYSTEM,1.0,2026-06-25
CTL-SCA-2,Control,RK-CYBER,Risk,CONTROL_MITIGATES_RISK,1.0,2026-06-25
CTL-SCA-2,Control,CAP-AUTH,Capability,CONTROL_REALIZES_CAPABILITY,1.0,2026-06-25
CTL-SCA-2,Control,EVD-CTL-SCA-2-EV-ACCESS,Evidence,CONTROL_EVIDENCED_BY,1.0,2026-06-25
EVD-CTL-SCA-2-EV-ACCESS,Evidence,TEC-ENTRA,Technology,EVIDENCE_PRODUCED_BY_TECHNOLOGY,1.0,2026-06-25
CTL-SCA-2,Control,EVD-CTL-SCA-2-EV-AUDIT,Evidence,CONTROL_EVIDENCED_BY,1.0,2026-06-25
EVD-CTL-SCA-2-EV-AUDIT,Evidence,TEC-FABRIC,Technology,EVIDENCE_PRODUCED_BY_TECHNOLOGY,1.0,2026-06-25
CTL-SCA-2,Control,PR-PAYMENTS,BusinessProcess,CONTROL_OPERATES_IN_PROCESS,1.0,2026-06-25
CTL-SCA-2,Control,PR-FRAUD,BusinessProcess,CONTROL_OPERATES_IN_PROCESS,1.0,2026-06-25
CTL-CO-1,Control,SYS-CRM,System,CONTROL_IMPLEMENTED_IN_SYSTEM,1.0,2026-06-25
CTL-CO-1,Control,RK-CONDUCT,Risk,CONTROL_MITIGATES_RISK,1.0,2026-06-25
CTL-CO-1,Control,CAP-COND,Capability,CONTROL_REALIZES_CAPABILITY,1.0,2026-06-25
CTL-CO-1,Control,EVD-CTL-CO-1-EV-AUDIT,Evidence,CONTROL_EVIDENCED_BY,1.0,2026-06-25
EVD-CTL-CO-1-EV-AUDIT,Evidence,TEC-FABRIC,Technology,EVIDENCE_PRODUCED_BY_TECHNOLOGY,1.0,2026-06-25
CTL-CO-1,Control,PR-ONBOARD,BusinessProcess,CONTROL_OPERATES_IN_PROCESS,1.0,2026-06-25
CTL-CO-1,Control,PR-SERVICE,BusinessProcess,CONTROL_OPERATES_IN_PROCESS,1.0,2026-06-25
CTL-CO-2,Control,SYS-LAKE,System,CONTROL_IMPLEMENTED_IN_SYSTEM,1.0,2026-06-25
CTL-CO-2,Control,RK-CONDUCT,Risk,CONTROL_MITIGATES_RISK,1.0,2026-06-25
CTL-CO-2,Control,CAP-COND,Capability,CONTROL_REALIZES_CAPABILITY,1.0,2026-06-25
CTL-CO-2,Control,EVD-CTL-CO-2-EV-AUDIT,Evidence,CONTROL_EVIDENCED_BY,1.0,2026-06-25
EVD-CTL-CO-2-EV-AUDIT,Evidence,TEC-FABRIC,Technology,EVIDENCE_PRODUCED_BY_TECHNOLOGY,1.0,2026-06-25
CTL-CO-2,Control,PR-REGRPT,BusinessProcess,CONTROL_OPERATES_IN_PROCESS,1.0,2026-06-25
CTL-CO-2,Control,PR-DATAGOV,BusinessProcess,CONTROL_OPERATES_IN_PROCESS,1.0,2026-06-25
CTL-CO-2,Control,PR-AILIFE,BusinessProcess,CONTROL_OPERATES_IN_PROCESS,1.0,2026-06-25
CTL-CO-3,Control,SYS-LAKE,System,CONTROL_IMPLEMENTED_IN_SYSTEM,1.0,2026-06-25
CTL-CO-3,Control,SYS-CRM,System,CONTROL_IMPLEMENTED_IN_SYSTEM,1.0,2026-06-25
CTL-CO-3,Control,RK-CONDUCT,Risk,CONTROL_MITIGATES_RISK,1.0,2026-06-25
CTL-CO-3,Control,CAP-COND,Capability,CONTROL_REALIZES_CAPABILITY,1.0,2026-06-25
CTL-CO-3,Control,EVD-CTL-CO-3-EV-AUDIT,Evidence,CONTROL_EVIDENCED_BY,1.0,2026-06-25
EVD-CTL-CO-3-EV-AUDIT,Evidence,TEC-FABRIC,Technology,EVIDENCE_PRODUCED_BY_TECHNOLOGY,1.0,2026-06-25
CTL-CO-3,Control,PR-ONBOARD,BusinessProcess,CONTROL_OPERATES_IN_PROCESS,1.0,2026-06-25
CTL-CO-3,Control,PR-REGRPT,BusinessProcess,CONTROL_OPERATES_IN_PROCESS,1.0,2026-06-25
CTL-CO-3,Control,PR-SERVICE,BusinessProcess,CONTROL_OPERATES_IN_PROCESS,1.0,2026-06-25
CTL-CO-3,Control,PR-DATAGOV,BusinessProcess,CONTROL_OPERATES_IN_PROCESS,1.0,2026-06-25
CTL-CO-3,Control,PR-AILIFE,BusinessProcess,CONTROL_OPERATES_IN_PROCESS,1.0,2026-06-25
CTL-MR-1,Control,SYS-AIP,System,CONTROL_IMPLEMENTED_IN_SYSTEM,1.0,2026-06-25
CTL-MR-1,Control,RK-MODEL,Risk,CONTROL_MITIGATES_RISK,1.0,2026-06-25
CTL-MR-1,Control,CAP-MRM,Capability,CONTROL_REALIZES_CAPABILITY,1.0,2026-06-25
CTL-MR-1,Control,EVD-CTL-MR-1-EV-MODELCARD,Evidence,CONTROL_EVIDENCED_BY,1.0,2026-06-25
EVD-CTL-MR-1-EV-MODELCARD,Evidence,TEC-FOUNDRY,Technology,EVIDENCE_PRODUCED_BY_TECHNOLOGY,1.0,2026-06-25
CTL-MR-1,Control,EVD-CTL-MR-1-EV-MONITOR,Evidence,CONTROL_EVIDENCED_BY,1.0,2026-06-25
EVD-CTL-MR-1-EV-MONITOR,Evidence,TEC-FOUNDRY,Technology,EVIDENCE_PRODUCED_BY_TECHNOLOGY,1.0,2026-06-25
CTL-MR-1,Control,PR-LENDING,BusinessProcess,CONTROL_OPERATES_IN_PROCESS,1.0,2026-06-25
CTL-MR-1,Control,PR-AILIFE,BusinessProcess,CONTROL_OPERATES_IN_PROCESS,1.0,2026-06-25
CTL-MR-2,Control,SYS-AIP,System,CONTROL_IMPLEMENTED_IN_SYSTEM,1.0,2026-06-25
CTL-MR-2,Control,SYS-CREDIT,System,CONTROL_IMPLEMENTED_IN_SYSTEM,1.0,2026-06-25
CTL-MR-2,Control,RK-MODEL,Risk,CONTROL_MITIGATES_RISK,1.0,2026-06-25
CTL-MR-2,Control,CAP-MRM,Capability,CONTROL_REALIZES_CAPABILITY,1.0,2026-06-25
CTL-MR-2,Control,EVD-CTL-MR-2-EV-MODELCARD,Evidence,CONTROL_EVIDENCED_BY,1.0,2026-06-25
EVD-CTL-MR-2-EV-MODELCARD,Evidence,TEC-FOUNDRY,Technology,EVIDENCE_PRODUCED_BY_TECHNOLOGY,1.0,2026-06-25
CTL-MR-2,Control,EVD-CTL-MR-2-EV-MONITOR,Evidence,CONTROL_EVIDENCED_BY,1.0,2026-06-25
EVD-CTL-MR-2-EV-MONITOR,Evidence,TEC-FOUNDRY,Technology,EVIDENCE_PRODUCED_BY_TECHNOLOGY,1.0,2026-06-25
CTL-MR-2,Control,PR-LENDING,BusinessProcess,CONTROL_OPERATES_IN_PROCESS,1.0,2026-06-25
CTL-MR-2,Control,PR-AILIFE,BusinessProcess,CONTROL_OPERATES_IN_PROCESS,1.0,2026-06-25
CTL-MR-3,Control,SYS-AIP,System,CONTROL_IMPLEMENTED_IN_SYSTEM,1.0,2026-06-25
CTL-MR-3,Control,RK-MODEL,Risk,CONTROL_MITIGATES_RISK,1.0,2026-06-25
CTL-MR-3,Control,CAP-MRM,Capability,CONTROL_REALIZES_CAPABILITY,1.0,2026-06-25
CTL-MR-3,Control,EVD-CTL-MR-3-EV-MODELCARD,Evidence,CONTROL_EVIDENCED_BY,1.0,2026-06-25
EVD-CTL-MR-3-EV-MODELCARD,Evidence,TEC-FOUNDRY,Technology,EVIDENCE_PRODUCED_BY_TECHNOLOGY,1.0,2026-06-25
CTL-MR-3,Control,EVD-CTL-MR-3-EV-MONITOR,Evidence,CONTROL_EVIDENCED_BY,1.0,2026-06-25
EVD-CTL-MR-3-EV-MONITOR,Evidence,TEC-FOUNDRY,Technology,EVIDENCE_PRODUCED_BY_TECHNOLOGY,1.0,2026-06-25
CTL-MR-3,Control,PR-LENDING,BusinessProcess,CONTROL_OPERATES_IN_PROCESS,1.0,2026-06-25
CTL-MR-3,Control,PR-AILIFE,BusinessProcess,CONTROL_OPERATES_IN_PROCESS,1.0,2026-06-25
CTL-AI-1,Control,SYS-AIP,System,CONTROL_IMPLEMENTED_IN_SYSTEM,1.0,2026-06-25
CTL-AI-1,Control,RK-MODEL,Risk,CONTROL_MITIGATES_RISK,1.0,2026-06-25
CTL-AI-1,Control,CAP-AIG,Capability,CONTROL_REALIZES_CAPABILITY,1.0,2026-06-25
CTL-AI-1,Control,EVD-CTL-AI-1-EV-AGENTEVAL,Evidence,CONTROL_EVIDENCED_BY,1.0,2026-06-25
EVD-CTL-AI-1-EV-AGENTEVAL,Evidence,TEC-FOUNDRY,Technology,EVIDENCE_PRODUCED_BY_TECHNOLOGY,1.0,2026-06-25
CTL-AI-1,Control,EVD-CTL-AI-1-EV-MODELCARD,Evidence,CONTROL_EVIDENCED_BY,1.0,2026-06-25
EVD-CTL-AI-1-EV-MODELCARD,Evidence,TEC-FOUNDRY,Technology,EVIDENCE_PRODUCED_BY_TECHNOLOGY,1.0,2026-06-25
CTL-AI-1,Control,PR-LENDING,BusinessProcess,CONTROL_OPERATES_IN_PROCESS,1.0,2026-06-25
CTL-AI-1,Control,PR-AILIFE,BusinessProcess,CONTROL_OPERATES_IN_PROCESS,1.0,2026-06-25
CTL-AI-2,Control,SYS-AIP,System,CONTROL_IMPLEMENTED_IN_SYSTEM,1.0,2026-06-25
CTL-AI-2,Control,RK-MODEL,Risk,CONTROL_MITIGATES_RISK,1.0,2026-06-25
CTL-AI-2,Control,CAP-AIG,Capability,CONTROL_REALIZES_CAPABILITY,1.0,2026-06-25
CTL-AI-2,Control,EVD-CTL-AI-2-EV-AGENTEVAL,Evidence,CONTROL_EVIDENCED_BY,1.0,2026-06-25
EVD-CTL-AI-2-EV-AGENTEVAL,Evidence,TEC-FOUNDRY,Technology,EVIDENCE_PRODUCED_BY_TECHNOLOGY,1.0,2026-06-25
CTL-AI-2,Control,EVD-CTL-AI-2-EV-MODELCARD,Evidence,CONTROL_EVIDENCED_BY,1.0,2026-06-25
EVD-CTL-AI-2-EV-MODELCARD,Evidence,TEC-FOUNDRY,Technology,EVIDENCE_PRODUCED_BY_TECHNOLOGY,1.0,2026-06-25
CTL-AI-2,Control,PR-LENDING,BusinessProcess,CONTROL_OPERATES_IN_PROCESS,1.0,2026-06-25
CTL-AI-2,Control,PR-AILIFE,BusinessProcess,CONTROL_OPERATES_IN_PROCESS,1.0,2026-06-25
CTL-AI-3,Control,SYS-AIP,System,CONTROL_IMPLEMENTED_IN_SYSTEM,1.0,2026-06-25
CTL-AI-3,Control,SYS-LAKE,System,CONTROL_IMPLEMENTED_IN_SYSTEM,1.0,2026-06-25
CTL-AI-3,Control,RK-MODEL,Risk,CONTROL_MITIGATES_RISK,1.0,2026-06-25
CTL-AI-3,Control,CAP-AIG,Capability,CONTROL_REALIZES_CAPABILITY,1.0,2026-06-25
CTL-AI-3,Control,EVD-CTL-AI-3-EV-AGENTEVAL,Evidence,CONTROL_EVIDENCED_BY,1.0,2026-06-25
EVD-CTL-AI-3-EV-AGENTEVAL,Evidence,TEC-FOUNDRY,Technology,EVIDENCE_PRODUCED_BY_TECHNOLOGY,1.0,2026-06-25
CTL-AI-3,Control,EVD-CTL-AI-3-EV-MODELCARD,Evidence,CONTROL_EVIDENCED_BY,1.0,2026-06-25
EVD-CTL-AI-3-EV-MODELCARD,Evidence,TEC-FOUNDRY,Technology,EVIDENCE_PRODUCED_BY_TECHNOLOGY,1.0,2026-06-25
CTL-AI-3,Control,PR-LENDING,BusinessProcess,CONTROL_OPERATES_IN_PROCESS,1.0,2026-06-25
CTL-AI-3,Control,PR-REGRPT,BusinessProcess,CONTROL_OPERATES_IN_PROCESS,1.0,2026-06-25
CTL-AI-3,Control,PR-DATAGOV,BusinessProcess,CONTROL_OPERATES_IN_PROCESS,1.0,2026-06-25
CTL-AI-3,Control,PR-AILIFE,BusinessProcess,CONTROL_OPERATES_IN_PROCESS,1.0,2026-06-25
CTL-TD-1,Control,SYS-AIP,System,CONTROL_IMPLEMENTED_IN_SYSTEM,1.0,2026-06-25
CTL-TD-1,Control,SYS-LAKE,System,CONTROL_IMPLEMENTED_IN_SYSTEM,1.0,2026-06-25
CTL-TD-1,Control,RK-MODEL,Risk,CONTROL_MITIGATES_RISK,1.0,2026-06-25
CTL-TD-1,Control,CAP-TDQ,Capability,CONTROL_REALIZES_CAPABILITY,1.0,2026-06-25
CTL-TD-1,Control,EVD-CTL-TD-1-EV-DQ,Evidence,CONTROL_EVIDENCED_BY,1.0,2026-06-25
EVD-CTL-TD-1-EV-DQ,Evidence,TEC-FABRIC,Technology,EVIDENCE_PRODUCED_BY_TECHNOLOGY,1.0,2026-06-25
CTL-TD-1,Control,EVD-CTL-TD-1-EV-LINEAGE,Evidence,CONTROL_EVIDENCED_BY,1.0,2026-06-25
EVD-CTL-TD-1-EV-LINEAGE,Evidence,TEC-PURVIEW,Technology,EVIDENCE_PRODUCED_BY_TECHNOLOGY,1.0,2026-06-25
CTL-TD-1,Control,PR-LENDING,BusinessProcess,CONTROL_OPERATES_IN_PROCESS,1.0,2026-06-25
CTL-TD-1,Control,PR-REGRPT,BusinessProcess,CONTROL_OPERATES_IN_PROCESS,1.0,2026-06-25
CTL-TD-1,Control,PR-DATAGOV,BusinessProcess,CONTROL_OPERATES_IN_PROCESS,1.0,2026-06-25
CTL-TD-1,Control,PR-AILIFE,BusinessProcess,CONTROL_OPERATES_IN_PROCESS,1.0,2026-06-25
CTL-TD-2,Control,SYS-AIP,System,CONTROL_IMPLEMENTED_IN_SYSTEM,1.0,2026-06-25
CTL-TD-2,Control,RK-MODEL,Risk,CONTROL_MITIGATES_RISK,1.0,2026-06-25
CTL-TD-2,Control,CAP-TDQ,Capability,CONTROL_REALIZES_CAPABILITY,1.0,2026-06-25
CTL-TD-2,Control,EVD-CTL-TD-2-EV-DQ,Evidence,CONTROL_EVIDENCED_BY,1.0,2026-06-25
EVD-CTL-TD-2-EV-DQ,Evidence,TEC-FABRIC,Technology,EVIDENCE_PRODUCED_BY_TECHNOLOGY,1.0,2026-06-25
CTL-TD-2,Control,EVD-CTL-TD-2-EV-LINEAGE,Evidence,CONTROL_EVIDENCED_BY,1.0,2026-06-25
EVD-CTL-TD-2-EV-LINEAGE,Evidence,TEC-PURVIEW,Technology,EVIDENCE_PRODUCED_BY_TECHNOLOGY,1.0,2026-06-25
CTL-TD-2,Control,PR-LENDING,BusinessProcess,CONTROL_OPERATES_IN_PROCESS,1.0,2026-06-25
CTL-TD-2,Control,PR-AILIFE,BusinessProcess,CONTROL_OPERATES_IN_PROCESS,1.0,2026-06-25
CTL-TR-1,Control,SYS-AIP,System,CONTROL_IMPLEMENTED_IN_SYSTEM,1.0,2026-06-25
CTL-TR-1,Control,SYS-LAKE,System,CONTROL_IMPLEMENTED_IN_SYSTEM,1.0,2026-06-25
CTL-TR-1,Control,RK-MODEL,Risk,CONTROL_MITIGATES_RISK,1.0,2026-06-25
CTL-TR-1,Control,CAP-TRACE,Capability,CONTROL_REALIZES_CAPABILITY,1.0,2026-06-25
CTL-TR-1,Control,EVD-CTL-TR-1-EV-MODELCARD,Evidence,CONTROL_EVIDENCED_BY,1.0,2026-06-25
EVD-CTL-TR-1-EV-MODELCARD,Evidence,TEC-FOUNDRY,Technology,EVIDENCE_PRODUCED_BY_TECHNOLOGY,1.0,2026-06-25
CTL-TR-1,Control,EVD-CTL-TR-1-EV-AUDIT,Evidence,CONTROL_EVIDENCED_BY,1.0,2026-06-25
EVD-CTL-TR-1-EV-AUDIT,Evidence,TEC-FABRIC,Technology,EVIDENCE_PRODUCED_BY_TECHNOLOGY,1.0,2026-06-25
CTL-TR-1,Control,PR-LENDING,BusinessProcess,CONTROL_OPERATES_IN_PROCESS,1.0,2026-06-25
CTL-TR-1,Control,PR-REGRPT,BusinessProcess,CONTROL_OPERATES_IN_PROCESS,1.0,2026-06-25
CTL-TR-1,Control,PR-DATAGOV,BusinessProcess,CONTROL_OPERATES_IN_PROCESS,1.0,2026-06-25
CTL-TR-1,Control,PR-AILIFE,BusinessProcess,CONTROL_OPERATES_IN_PROCESS,1.0,2026-06-25
CTL-TR-2,Control,SYS-AIP,System,CONTROL_IMPLEMENTED_IN_SYSTEM,1.0,2026-06-25
CTL-TR-2,Control,RK-MODEL,Risk,CONTROL_MITIGATES_RISK,1.0,2026-06-25
CTL-TR-2,Control,CAP-TRACE,Capability,CONTROL_REALIZES_CAPABILITY,1.0,2026-06-25
CTL-TR-2,Control,EVD-CTL-TR-2-EV-MODELCARD,Evidence,CONTROL_EVIDENCED_BY,1.0,2026-06-25
EVD-CTL-TR-2-EV-MODELCARD,Evidence,TEC-FOUNDRY,Technology,EVIDENCE_PRODUCED_BY_TECHNOLOGY,1.0,2026-06-25
CTL-TR-2,Control,EVD-CTL-TR-2-EV-AUDIT,Evidence,CONTROL_EVIDENCED_BY,1.0,2026-06-25
EVD-CTL-TR-2-EV-AUDIT,Evidence,TEC-FABRIC,Technology,EVIDENCE_PRODUCED_BY_TECHNOLOGY,1.0,2026-06-25
CTL-TR-2,Control,PR-LENDING,BusinessProcess,CONTROL_OPERATES_IN_PROCESS,1.0,2026-06-25
CTL-TR-2,Control,PR-AILIFE,BusinessProcess,CONTROL_OPERATES_IN_PROCESS,1.0,2026-06-25
CTL-AU-1,Control,SYS-LAKE,System,CONTROL_IMPLEMENTED_IN_SYSTEM,1.0,2026-06-25
CTL-AU-1,Control,SYS-IAM,System,CONTROL_IMPLEMENTED_IN_SYSTEM,1.0,2026-06-25
CTL-AU-1,Control,RK-REPORT,Risk,CONTROL_MITIGATES_RISK,1.0,2026-06-25
CTL-AU-1,Control,CAP-AUD,Capability,CONTROL_REALIZES_CAPABILITY,1.0,2026-06-25
CTL-AU-1,Control,EVD-CTL-AU-1-EV-AUDIT,Evidence,CONTROL_EVIDENCED_BY,1.0,2026-06-25
EVD-CTL-AU-1-EV-AUDIT,Evidence,TEC-FABRIC,Technology,EVIDENCE_PRODUCED_BY_TECHNOLOGY,1.0,2026-06-25
CTL-AU-1,Control,PR-ONBOARD,BusinessProcess,CONTROL_OPERATES_IN_PROCESS,1.0,2026-06-25
CTL-AU-1,Control,PR-REGRPT,BusinessProcess,CONTROL_OPERATES_IN_PROCESS,1.0,2026-06-25
CTL-AU-1,Control,PR-SERVICE,BusinessProcess,CONTROL_OPERATES_IN_PROCESS,1.0,2026-06-25
CTL-AU-1,Control,PR-DATAGOV,BusinessProcess,CONTROL_OPERATES_IN_PROCESS,1.0,2026-06-25
CTL-AU-1,Control,PR-AILIFE,BusinessProcess,CONTROL_OPERATES_IN_PROCESS,1.0,2026-06-25
CTL-AU-2,Control,SYS-LAKE,System,CONTROL_IMPLEMENTED_IN_SYSTEM,1.0,2026-06-25
CTL-AU-2,Control,RK-REPORT,Risk,CONTROL_MITIGATES_RISK,1.0,2026-06-25
CTL-AU-2,Control,CAP-AUD,Capability,CONTROL_REALIZES_CAPABILITY,1.0,2026-06-25
CTL-AU-2,Control,EVD-CTL-AU-2-EV-AUDIT,Evidence,CONTROL_EVIDENCED_BY,1.0,2026-06-25
EVD-CTL-AU-2-EV-AUDIT,Evidence,TEC-FABRIC,Technology,EVIDENCE_PRODUCED_BY_TECHNOLOGY,1.0,2026-06-25
CTL-AU-2,Control,PR-REGRPT,BusinessProcess,CONTROL_OPERATES_IN_PROCESS,1.0,2026-06-25
CTL-AU-2,Control,PR-DATAGOV,BusinessProcess,CONTROL_OPERATES_IN_PROCESS,1.0,2026-06-25
CTL-AU-2,Control,PR-AILIFE,BusinessProcess,CONTROL_OPERATES_IN_PROCESS,1.0,2026-06-25
CTL-RP-1,Control,SYS-REGRPT,System,CONTROL_IMPLEMENTED_IN_SYSTEM,1.0,2026-06-25
CTL-RP-1,Control,RK-REPORT,Risk,CONTROL_MITIGATES_RISK,1.0,2026-06-25
CTL-RP-1,Control,CAP-REP,Capability,CONTROL_REALIZES_CAPABILITY,1.0,2026-06-25
CTL-RP-1,Control,EVD-CTL-RP-1-EV-AUDIT,Evidence,CONTROL_EVIDENCED_BY,1.0,2026-06-25
EVD-CTL-RP-1-EV-AUDIT,Evidence,TEC-FABRIC,Technology,EVIDENCE_PRODUCED_BY_TECHNOLOGY,1.0,2026-06-25
CTL-RP-1,Control,EVD-CTL-RP-1-EV-CAPREC,Evidence,CONTROL_EVIDENCED_BY,1.0,2026-06-25
EVD-CTL-RP-1-EV-CAPREC,Evidence,TEC-FABRIC,Technology,EVIDENCE_PRODUCED_BY_TECHNOLOGY,1.0,2026-06-25
CTL-RP-1,Control,PR-TRADING,BusinessProcess,CONTROL_OPERATES_IN_PROCESS,1.0,2026-06-25
CTL-RP-1,Control,PR-REGRPT,BusinessProcess,CONTROL_OPERATES_IN_PROCESS,1.0,2026-06-25
CTL-RP-2,Control,SYS-REGRPT,System,CONTROL_IMPLEMENTED_IN_SYSTEM,1.0,2026-06-25
CTL-RP-2,Control,SYS-GL,System,CONTROL_IMPLEMENTED_IN_SYSTEM,1.0,2026-06-25
CTL-RP-2,Control,RK-REPORT,Risk,CONTROL_MITIGATES_RISK,1.0,2026-06-25
CTL-RP-2,Control,CAP-REP,Capability,CONTROL_REALIZES_CAPABILITY,1.0,2026-06-25
CTL-RP-2,Control,EVD-CTL-RP-2-EV-AUDIT,Evidence,CONTROL_EVIDENCED_BY,1.0,2026-06-25
EVD-CTL-RP-2-EV-AUDIT,Evidence,TEC-FABRIC,Technology,EVIDENCE_PRODUCED_BY_TECHNOLOGY,1.0,2026-06-25
CTL-RP-2,Control,EVD-CTL-RP-2-EV-CAPREC,Evidence,CONTROL_EVIDENCED_BY,1.0,2026-06-25
EVD-CTL-RP-2-EV-CAPREC,Evidence,TEC-FABRIC,Technology,EVIDENCE_PRODUCED_BY_TECHNOLOGY,1.0,2026-06-25
CTL-RP-2,Control,PR-TRADING,BusinessProcess,CONTROL_OPERATES_IN_PROCESS,1.0,2026-06-25
CTL-RP-2,Control,PR-REGRPT,BusinessProcess,CONTROL_OPERATES_IN_PROCESS,1.0,2026-06-25
CHG-EUAIACT,RegulatoryChange,REG-AIACT,Regulation,CHANGE_OF_REGULATION,1.0,2026-06-25
CHG-EUAIACT,RegulatoryChange,OBL-EUAIACT-01,Obligation,INTRODUCES_OBLIGATION,1.0,2026-06-25
OBL-EUAIACT-01,Obligation,CTL-TD-1,Control,OBLIGATION_REQUIRES_CONTROL,1.0,2026-06-25
OBL-EUAIACT-01,Obligation,CTL-TD-2,Control,OBLIGATION_REQUIRES_CONTROL,1.0,2026-06-25
OBL-EUAIACT-01,Obligation,DD-MODEL,DataDomain,OBLIGATION_CONCERNS_DATA_DOMAIN,1.0,2026-06-25
OBL-EUAIACT-01,Obligation,DD-CREDIT,DataDomain,OBLIGATION_CONCERNS_DATA_DOMAIN,1.0,2026-06-25
CHG-EUAIACT,RegulatoryChange,OBL-EUAIACT-02,Obligation,INTRODUCES_OBLIGATION,1.0,2026-06-25
OBL-EUAIACT-02,Obligation,CTL-LIN-1,Control,OBLIGATION_REQUIRES_CONTROL,1.0,2026-06-25
OBL-EUAIACT-02,Obligation,CTL-LIN-2,Control,OBLIGATION_REQUIRES_CONTROL,1.0,2026-06-25
OBL-EUAIACT-02,Obligation,DD-FIN,DataDomain,OBLIGATION_CONCERNS_DATA_DOMAIN,1.0,2026-06-25
OBL-EUAIACT-02,Obligation,DD-CREDIT,DataDomain,OBLIGATION_CONCERNS_DATA_DOMAIN,1.0,2026-06-25
OBL-EUAIACT-02,Obligation,DD-TRADE,DataDomain,OBLIGATION_CONCERNS_DATA_DOMAIN,1.0,2026-06-25
CHG-EUAIACT,RegulatoryChange,OBL-EUAIACT-03,Obligation,INTRODUCES_OBLIGATION,1.0,2026-06-25
OBL-EUAIACT-03,Obligation,CTL-TR-1,Control,OBLIGATION_REQUIRES_CONTROL,1.0,2026-06-25
OBL-EUAIACT-03,Obligation,CTL-TR-2,Control,OBLIGATION_REQUIRES_CONTROL,1.0,2026-06-25
OBL-EUAIACT-03,Obligation,DD-MODEL,DataDomain,OBLIGATION_CONCERNS_DATA_DOMAIN,1.0,2026-06-25
CHG-EUAIACT,RegulatoryChange,OBL-EUAIACT-04,Obligation,INTRODUCES_OBLIGATION,1.0,2026-06-25
OBL-EUAIACT-04,Obligation,CTL-AI-1,Control,OBLIGATION_REQUIRES_CONTROL,1.0,2026-06-25
OBL-EUAIACT-04,Obligation,CTL-AI-2,Control,OBLIGATION_REQUIRES_CONTROL,1.0,2026-06-25
OBL-EUAIACT-04,Obligation,CTL-AI-3,Control,OBLIGATION_REQUIRES_CONTROL,1.0,2026-06-25
OBL-EUAIACT-04,Obligation,DD-MODEL,DataDomain,OBLIGATION_CONCERNS_DATA_DOMAIN,1.0,2026-06-25
CHG-EUAIACT,RegulatoryChange,OBL-EUAIACT-05,Obligation,INTRODUCES_OBLIGATION,1.0,2026-06-25
OBL-EUAIACT-05,Obligation,CTL-MR-1,Control,OBLIGATION_REQUIRES_CONTROL,1.0,2026-06-25
OBL-EUAIACT-05,Obligation,CTL-MR-2,Control,OBLIGATION_REQUIRES_CONTROL,1.0,2026-06-25
OBL-EUAIACT-05,Obligation,CTL-MR-3,Control,OBLIGATION_REQUIRES_CONTROL,1.0,2026-06-25
OBL-EUAIACT-05,Obligation,DD-MODEL,DataDomain,OBLIGATION_CONCERNS_DATA_DOMAIN,1.0,2026-06-25
OBL-EUAIACT-05,Obligation,DD-CREDIT,DataDomain,OBLIGATION_CONCERNS_DATA_DOMAIN,1.0,2026-06-25
CHG-NISTAIRMF,RegulatoryChange,REG-NIST,Regulation,CHANGE_OF_REGULATION,1.0,2026-06-25
CHG-NISTAIRMF,RegulatoryChange,OBL-NISTAIRMF-01,Obligation,INTRODUCES_OBLIGATION,1.0,2026-06-25
OBL-NISTAIRMF-01,Obligation,CTL-AI-1,Control,OBLIGATION_REQUIRES_CONTROL,1.0,2026-06-25
OBL-NISTAIRMF-01,Obligation,CTL-AI-2,Control,OBLIGATION_REQUIRES_CONTROL,1.0,2026-06-25
OBL-NISTAIRMF-01,Obligation,CTL-AI-3,Control,OBLIGATION_REQUIRES_CONTROL,1.0,2026-06-25
OBL-NISTAIRMF-01,Obligation,DD-MODEL,DataDomain,OBLIGATION_CONCERNS_DATA_DOMAIN,1.0,2026-06-25
CHG-NISTAIRMF,RegulatoryChange,OBL-NISTAIRMF-02,Obligation,INTRODUCES_OBLIGATION,1.0,2026-06-25
OBL-NISTAIRMF-02,Obligation,CTL-MR-1,Control,OBLIGATION_REQUIRES_CONTROL,1.0,2026-06-25
OBL-NISTAIRMF-02,Obligation,CTL-MR-2,Control,OBLIGATION_REQUIRES_CONTROL,1.0,2026-06-25
OBL-NISTAIRMF-02,Obligation,CTL-MR-3,Control,OBLIGATION_REQUIRES_CONTROL,1.0,2026-06-25
OBL-NISTAIRMF-02,Obligation,DD-MODEL,DataDomain,OBLIGATION_CONCERNS_DATA_DOMAIN,1.0,2026-06-25
OBL-NISTAIRMF-02,Obligation,DD-CREDIT,DataDomain,OBLIGATION_CONCERNS_DATA_DOMAIN,1.0,2026-06-25
CHG-NISTAIRMF,RegulatoryChange,OBL-NISTAIRMF-03,Obligation,INTRODUCES_OBLIGATION,1.0,2026-06-25
OBL-NISTAIRMF-03,Obligation,CTL-TR-1,Control,OBLIGATION_REQUIRES_CONTROL,1.0,2026-06-25
OBL-NISTAIRMF-03,Obligation,CTL-TR-2,Control,OBLIGATION_REQUIRES_CONTROL,1.0,2026-06-25
OBL-NISTAIRMF-03,Obligation,DD-MODEL,DataDomain,OBLIGATION_CONCERNS_DATA_DOMAIN,1.0,2026-06-25
CHG-DORA,RegulatoryChange,REG-DORA,Regulation,CHANGE_OF_REGULATION,1.0,2026-06-25
CHG-DORA,RegulatoryChange,OBL-DORA-01,Obligation,INTRODUCES_OBLIGATION,1.0,2026-06-25
OBL-DORA-01,Obligation,CTL-OR-1,Control,OBLIGATION_REQUIRES_CONTROL,1.0,2026-06-25
OBL-DORA-01,Obligation,CTL-OR-2,Control,OBLIGATION_REQUIRES_CONTROL,1.0,2026-06-25
OBL-DORA-01,Obligation,CTL-OR-3,Control,OBLIGATION_REQUIRES_CONTROL,1.0,2026-06-25
OBL-DORA-01,Obligation,DD-REF,DataDomain,OBLIGATION_CONCERNS_DATA_DOMAIN,1.0,2026-06-25
CHG-DORA,RegulatoryChange,OBL-DORA-02,Obligation,INTRODUCES_OBLIGATION,1.0,2026-06-25
OBL-DORA-02,Obligation,CTL-IC-1,Control,OBLIGATION_REQUIRES_CONTROL,1.0,2026-06-25
OBL-DORA-02,Obligation,CTL-IC-2,Control,OBLIGATION_REQUIRES_CONTROL,1.0,2026-06-25
OBL-DORA-02,Obligation,CTL-IC-3,Control,OBLIGATION_REQUIRES_CONTROL,1.0,2026-06-25
OBL-DORA-02,Obligation,DD-REF,DataDomain,OBLIGATION_CONCERNS_DATA_DOMAIN,1.0,2026-06-25
CHG-DORA,RegulatoryChange,OBL-DORA-03,Obligation,INTRODUCES_OBLIGATION,1.0,2026-06-25
OBL-DORA-03,Obligation,CTL-IC-1,Control,OBLIGATION_REQUIRES_CONTROL,1.0,2026-06-25
OBL-DORA-03,Obligation,CTL-IC-2,Control,OBLIGATION_REQUIRES_CONTROL,1.0,2026-06-25
OBL-DORA-03,Obligation,CTL-IC-3,Control,OBLIGATION_REQUIRES_CONTROL,1.0,2026-06-25
OBL-DORA-03,Obligation,CTL-CY-1,Control,OBLIGATION_REQUIRES_CONTROL,1.0,2026-06-25
OBL-DORA-03,Obligation,CTL-CY-2,Control,OBLIGATION_REQUIRES_CONTROL,1.0,2026-06-25
OBL-DORA-03,Obligation,DD-REF,DataDomain,OBLIGATION_CONCERNS_DATA_DOMAIN,1.0,2026-06-25
OBL-DORA-03,Obligation,DD-CUSTPII,DataDomain,OBLIGATION_CONCERNS_DATA_DOMAIN,1.0,2026-06-25
CHG-DORA,RegulatoryChange,OBL-DORA-04,Obligation,INTRODUCES_OBLIGATION,1.0,2026-06-25
OBL-DORA-04,Obligation,CTL-TP-1,Control,OBLIGATION_REQUIRES_CONTROL,1.0,2026-06-25
OBL-DORA-04,Obligation,CTL-TP-2,Control,OBLIGATION_REQUIRES_CONTROL,1.0,2026-06-25
OBL-DORA-04,Obligation,DD-REF,DataDomain,OBLIGATION_CONCERNS_DATA_DOMAIN,1.0,2026-06-25
CHG-BASEL,RegulatoryChange,REG-BASEL,Regulation,CHANGE_OF_REGULATION,1.0,2026-06-25
CHG-BASEL,RegulatoryChange,OBL-BASEL-01,Obligation,INTRODUCES_OBLIGATION,1.0,2026-06-25
OBL-BASEL-01,Obligation,CTL-CAP-1,Control,OBLIGATION_REQUIRES_CONTROL,1.0,2026-06-25
OBL-BASEL-01,Obligation,CTL-CAP-2,Control,OBLIGATION_REQUIRES_CONTROL,1.0,2026-06-25
OBL-BASEL-01,Obligation,DD-CREDIT,DataDomain,OBLIGATION_CONCERNS_DATA_DOMAIN,1.0,2026-06-25
OBL-BASEL-01,Obligation,DD-FIN,DataDomain,OBLIGATION_CONCERNS_DATA_DOMAIN,1.0,2026-06-25
CHG-BASEL,RegulatoryChange,OBL-BASEL-02,Obligation,INTRODUCES_OBLIGATION,1.0,2026-06-25
OBL-BASEL-02,Obligation,CTL-DQ-1,Control,OBLIGATION_REQUIRES_CONTROL,1.0,2026-06-25
OBL-BASEL-02,Obligation,CTL-DQ-2,Control,OBLIGATION_REQUIRES_CONTROL,1.0,2026-06-25
OBL-BASEL-02,Obligation,DD-REF,DataDomain,OBLIGATION_CONCERNS_DATA_DOMAIN,1.0,2026-06-25
OBL-BASEL-02,Obligation,DD-FIN,DataDomain,OBLIGATION_CONCERNS_DATA_DOMAIN,1.0,2026-06-25
CHG-BASEL,RegulatoryChange,OBL-BASEL-03,Obligation,INTRODUCES_OBLIGATION,1.0,2026-06-25
OBL-BASEL-03,Obligation,CTL-RP-1,Control,OBLIGATION_REQUIRES_CONTROL,1.0,2026-06-25
OBL-BASEL-03,Obligation,CTL-RP-2,Control,OBLIGATION_REQUIRES_CONTROL,1.0,2026-06-25
OBL-BASEL-03,Obligation,DD-FIN,DataDomain,OBLIGATION_CONCERNS_DATA_DOMAIN,1.0,2026-06-25
OBL-BASEL-03,Obligation,DD-CREDIT,DataDomain,OBLIGATION_CONCERNS_DATA_DOMAIN,1.0,2026-06-25
CHG-BCBS239,RegulatoryChange,REG-BCBS239,Regulation,CHANGE_OF_REGULATION,1.0,2026-06-25
CHG-BCBS239,RegulatoryChange,OBL-BCBS239-01,Obligation,INTRODUCES_OBLIGATION,1.0,2026-06-25
OBL-BCBS239-01,Obligation,CTL-DQ-1,Control,OBLIGATION_REQUIRES_CONTROL,1.0,2026-06-25
OBL-BCBS239-01,Obligation,CTL-DQ-2,Control,OBLIGATION_REQUIRES_CONTROL,1.0,2026-06-25
OBL-BCBS239-01,Obligation,DD-REF,DataDomain,OBLIGATION_CONCERNS_DATA_DOMAIN,1.0,2026-06-25
OBL-BCBS239-01,Obligation,DD-FIN,DataDomain,OBLIGATION_CONCERNS_DATA_DOMAIN,1.0,2026-06-25
CHG-BCBS239,RegulatoryChange,OBL-BCBS239-02,Obligation,INTRODUCES_OBLIGATION,1.0,2026-06-25
OBL-BCBS239-02,Obligation,CTL-LIN-1,Control,OBLIGATION_REQUIRES_CONTROL,1.0,2026-06-25
OBL-BCBS239-02,Obligation,CTL-LIN-2,Control,OBLIGATION_REQUIRES_CONTROL,1.0,2026-06-25
OBL-BCBS239-02,Obligation,DD-FIN,DataDomain,OBLIGATION_CONCERNS_DATA_DOMAIN,1.0,2026-06-25
OBL-BCBS239-02,Obligation,DD-CREDIT,DataDomain,OBLIGATION_CONCERNS_DATA_DOMAIN,1.0,2026-06-25
OBL-BCBS239-02,Obligation,DD-TRADE,DataDomain,OBLIGATION_CONCERNS_DATA_DOMAIN,1.0,2026-06-25
CHG-BCBS239,RegulatoryChange,OBL-BCBS239-03,Obligation,INTRODUCES_OBLIGATION,1.0,2026-06-25
OBL-BCBS239-03,Obligation,CTL-MD-1,Control,OBLIGATION_REQUIRES_CONTROL,1.0,2026-06-25
OBL-BCBS239-03,Obligation,CTL-MD-2,Control,OBLIGATION_REQUIRES_CONTROL,1.0,2026-06-25
OBL-BCBS239-03,Obligation,DD-REF,DataDomain,OBLIGATION_CONCERNS_DATA_DOMAIN,1.0,2026-06-25
CHG-GDPR,RegulatoryChange,REG-GDPR,Regulation,CHANGE_OF_REGULATION,1.0,2026-06-25
CHG-GDPR,RegulatoryChange,OBL-GDPR-01,Obligation,INTRODUCES_OBLIGATION,1.0,2026-06-25
OBL-GDPR-01,Obligation,CTL-PR-1,Control,OBLIGATION_REQUIRES_CONTROL,1.0,2026-06-25
OBL-GDPR-01,Obligation,CTL-PR-2,Control,OBLIGATION_REQUIRES_CONTROL,1.0,2026-06-25
OBL-GDPR-01,Obligation,CTL-PR-3,Control,OBLIGATION_REQUIRES_CONTROL,1.0,2026-06-25
OBL-GDPR-01,Obligation,DD-CUSTPII,DataDomain,OBLIGATION_CONCERNS_DATA_DOMAIN,1.0,2026-06-25
CHG-GDPR,RegulatoryChange,OBL-GDPR-02,Obligation,INTRODUCES_OBLIGATION,1.0,2026-06-25
OBL-GDPR-02,Obligation,CTL-PR-1,Control,OBLIGATION_REQUIRES_CONTROL,1.0,2026-06-25
OBL-GDPR-02,Obligation,CTL-PR-2,Control,OBLIGATION_REQUIRES_CONTROL,1.0,2026-06-25
OBL-GDPR-02,Obligation,CTL-PR-3,Control,OBLIGATION_REQUIRES_CONTROL,1.0,2026-06-25
OBL-GDPR-02,Obligation,DD-CUSTPII,DataDomain,OBLIGATION_CONCERNS_DATA_DOMAIN,1.0,2026-06-25
CHG-GDPR,RegulatoryChange,OBL-GDPR-03,Obligation,INTRODUCES_OBLIGATION,1.0,2026-06-25
OBL-GDPR-03,Obligation,CTL-PR-1,Control,OBLIGATION_REQUIRES_CONTROL,1.0,2026-06-25
OBL-GDPR-03,Obligation,CTL-PR-2,Control,OBLIGATION_REQUIRES_CONTROL,1.0,2026-06-25
OBL-GDPR-03,Obligation,CTL-PR-3,Control,OBLIGATION_REQUIRES_CONTROL,1.0,2026-06-25
OBL-GDPR-03,Obligation,DD-CUSTPII,DataDomain,OBLIGATION_CONCERNS_DATA_DOMAIN,1.0,2026-06-25
CHG-GDPR,RegulatoryChange,OBL-GDPR-04,Obligation,INTRODUCES_OBLIGATION,1.0,2026-06-25
OBL-GDPR-04,Obligation,CTL-RT-1,Control,OBLIGATION_REQUIRES_CONTROL,1.0,2026-06-25
OBL-GDPR-04,Obligation,DD-CUSTPII,DataDomain,OBLIGATION_CONCERNS_DATA_DOMAIN,1.0,2026-06-25
OBL-GDPR-04,Obligation,DD-ACCT,DataDomain,OBLIGATION_CONCERNS_DATA_DOMAIN,1.0,2026-06-25
CHG-PSD2,RegulatoryChange,REG-PSD2,Regulation,CHANGE_OF_REGULATION,1.0,2026-06-25
CHG-PSD2,RegulatoryChange,OBL-PSD2-01,Obligation,INTRODUCES_OBLIGATION,1.0,2026-06-25
OBL-PSD2-01,Obligation,CTL-SCA-1,Control,OBLIGATION_REQUIRES_CONTROL,1.0,2026-06-25
OBL-PSD2-01,Obligation,CTL-SCA-2,Control,OBLIGATION_REQUIRES_CONTROL,1.0,2026-06-25
OBL-PSD2-01,Obligation,DD-PAYMT,DataDomain,OBLIGATION_CONCERNS_DATA_DOMAIN,1.0,2026-06-25
OBL-PSD2-01,Obligation,DD-CUSTPII,DataDomain,OBLIGATION_CONCERNS_DATA_DOMAIN,1.0,2026-06-25
CHG-PSD2,RegulatoryChange,OBL-PSD2-02,Obligation,INTRODUCES_OBLIGATION,1.0,2026-06-25
OBL-PSD2-02,Obligation,CTL-SCA-1,Control,OBLIGATION_REQUIRES_CONTROL,1.0,2026-06-25
OBL-PSD2-02,Obligation,CTL-SCA-2,Control,OBLIGATION_REQUIRES_CONTROL,1.0,2026-06-25
OBL-PSD2-02,Obligation,DD-PAYMT,DataDomain,OBLIGATION_CONCERNS_DATA_DOMAIN,1.0,2026-06-25
OBL-PSD2-02,Obligation,DD-CUSTPII,DataDomain,OBLIGATION_CONCERNS_DATA_DOMAIN,1.0,2026-06-25
CHG-PSD2,RegulatoryChange,OBL-PSD2-03,Obligation,INTRODUCES_OBLIGATION,1.0,2026-06-25
OBL-PSD2-03,Obligation,CTL-TM-1,Control,OBLIGATION_REQUIRES_CONTROL,1.0,2026-06-25
OBL-PSD2-03,Obligation,CTL-TM-2,Control,OBLIGATION_REQUIRES_CONTROL,1.0,2026-06-25
OBL-PSD2-03,Obligation,CTL-TM-3,Control,OBLIGATION_REQUIRES_CONTROL,1.0,2026-06-25
OBL-PSD2-03,Obligation,DD-TXN,DataDomain,OBLIGATION_CONCERNS_DATA_DOMAIN,1.0,2026-06-25
OBL-PSD2-03,Obligation,DD-PAYMT,DataDomain,OBLIGATION_CONCERNS_DATA_DOMAIN,1.0,2026-06-25
CHG-CONSDUTY,RegulatoryChange,REG-CONSDUTY,Regulation,CHANGE_OF_REGULATION,1.0,2026-06-25
CHG-CONSDUTY,RegulatoryChange,OBL-CONSDUTY-01,Obligation,INTRODUCES_OBLIGATION,1.0,2026-06-25
OBL-CONSDUTY-01,Obligation,CTL-CO-1,Control,OBLIGATION_REQUIRES_CONTROL,1.0,2026-06-25
OBL-CONSDUTY-01,Obligation,CTL-CO-2,Control,OBLIGATION_REQUIRES_CONTROL,1.0,2026-06-25
OBL-CONSDUTY-01,Obligation,CTL-CO-3,Control,OBLIGATION_REQUIRES_CONTROL,1.0,2026-06-25
OBL-CONSDUTY-01,Obligation,DD-CUSTPII,DataDomain,OBLIGATION_CONCERNS_DATA_DOMAIN,1.0,2026-06-25
OBL-CONSDUTY-01,Obligation,DD-ACCT,DataDomain,OBLIGATION_CONCERNS_DATA_DOMAIN,1.0,2026-06-25
CHG-CONSDUTY,RegulatoryChange,OBL-CONSDUTY-02,Obligation,INTRODUCES_OBLIGATION,1.0,2026-06-25
OBL-CONSDUTY-02,Obligation,CTL-CO-1,Control,OBLIGATION_REQUIRES_CONTROL,1.0,2026-06-25
OBL-CONSDUTY-02,Obligation,CTL-CO-2,Control,OBLIGATION_REQUIRES_CONTROL,1.0,2026-06-25
OBL-CONSDUTY-02,Obligation,CTL-CO-3,Control,OBLIGATION_REQUIRES_CONTROL,1.0,2026-06-25
OBL-CONSDUTY-02,Obligation,DD-CUSTPII,DataDomain,OBLIGATION_CONCERNS_DATA_DOMAIN,1.0,2026-06-25
OBL-CONSDUTY-02,Obligation,DD-ACCT,DataDomain,OBLIGATION_CONCERNS_DATA_DOMAIN,1.0,2026-06-25
CHG-FCAOPRES,RegulatoryChange,REG-FCAOPRES,Regulation,CHANGE_OF_REGULATION,1.0,2026-06-25
CHG-FCAOPRES,RegulatoryChange,OBL-FCAOPRES-01,Obligation,INTRODUCES_OBLIGATION,1.0,2026-06-25
OBL-FCAOPRES-01,Obligation,CTL-OR-1,Control,OBLIGATION_REQUIRES_CONTROL,1.0,2026-06-25
OBL-FCAOPRES-01,Obligation,CTL-OR-2,Control,OBLIGATION_REQUIRES_CONTROL,1.0,2026-06-25
OBL-FCAOPRES-01,Obligation,CTL-OR-3,Control,OBLIGATION_REQUIRES_CONTROL,1.0,2026-06-25
OBL-FCAOPRES-01,Obligation,DD-REF,DataDomain,OBLIGATION_CONCERNS_DATA_DOMAIN,1.0,2026-06-25
CHG-FCAOPRES,RegulatoryChange,OBL-FCAOPRES-02,Obligation,INTRODUCES_OBLIGATION,1.0,2026-06-25
OBL-FCAOPRES-02,Obligation,CTL-IC-1,Control,OBLIGATION_REQUIRES_CONTROL,1.0,2026-06-25
OBL-FCAOPRES-02,Obligation,CTL-IC-2,Control,OBLIGATION_REQUIRES_CONTROL,1.0,2026-06-25
OBL-FCAOPRES-02,Obligation,CTL-IC-3,Control,OBLIGATION_REQUIRES_CONTROL,1.0,2026-06-25
OBL-FCAOPRES-02,Obligation,DD-REF,DataDomain,OBLIGATION_CONCERNS_DATA_DOMAIN,1.0,2026-06-25
CHG-SEC,RegulatoryChange,REG-SEC,Regulation,CHANGE_OF_REGULATION,1.0,2026-06-25
CHG-SEC,RegulatoryChange,OBL-SEC-01,Obligation,INTRODUCES_OBLIGATION,1.0,2026-06-25
OBL-SEC-01,Obligation,CTL-IC-1,Control,OBLIGATION_REQUIRES_CONTROL,1.0,2026-06-25
OBL-SEC-01,Obligation,CTL-IC-2,Control,OBLIGATION_REQUIRES_CONTROL,1.0,2026-06-25
OBL-SEC-01,Obligation,CTL-IC-3,Control,OBLIGATION_REQUIRES_CONTROL,1.0,2026-06-25
OBL-SEC-01,Obligation,DD-REF,DataDomain,OBLIGATION_CONCERNS_DATA_DOMAIN,1.0,2026-06-25
CHG-SEC,RegulatoryChange,OBL-SEC-02,Obligation,INTRODUCES_OBLIGATION,1.0,2026-06-25
OBL-SEC-02,Obligation,CTL-CY-1,Control,OBLIGATION_REQUIRES_CONTROL,1.0,2026-06-25
OBL-SEC-02,Obligation,CTL-CY-2,Control,OBLIGATION_REQUIRES_CONTROL,1.0,2026-06-25
OBL-SEC-02,Obligation,DD-REF,DataDomain,OBLIGATION_CONCERNS_DATA_DOMAIN,1.0,2026-06-25
OBL-SEC-02,Obligation,DD-CUSTPII,DataDomain,OBLIGATION_CONCERNS_DATA_DOMAIN,1.0,2026-06-25
CHG-SEC,RegulatoryChange,OBL-SEC-03,Obligation,INTRODUCES_OBLIGATION,1.0,2026-06-25
OBL-SEC-03,Obligation,CTL-AU-1,Control,OBLIGATION_REQUIRES_CONTROL,1.0,2026-06-25
OBL-SEC-03,Obligation,CTL-AU-2,Control,OBLIGATION_REQUIRES_CONTROL,1.0,2026-06-25
OBL-SEC-03,Obligation,DD-REF,DataDomain,OBLIGATION_CONCERNS_DATA_DOMAIN,1.0,2026-06-25
CHG-OCC,RegulatoryChange,REG-OCC,Regulation,CHANGE_OF_REGULATION,1.0,2026-06-25
CHG-OCC,RegulatoryChange,OBL-OCC-01,Obligation,INTRODUCES_OBLIGATION,1.0,2026-06-25
OBL-OCC-01,Obligation,CTL-MR-1,Control,OBLIGATION_REQUIRES_CONTROL,1.0,2026-06-25
OBL-OCC-01,Obligation,CTL-MR-2,Control,OBLIGATION_REQUIRES_CONTROL,1.0,2026-06-25
OBL-OCC-01,Obligation,CTL-MR-3,Control,OBLIGATION_REQUIRES_CONTROL,1.0,2026-06-25
OBL-OCC-01,Obligation,DD-MODEL,DataDomain,OBLIGATION_CONCERNS_DATA_DOMAIN,1.0,2026-06-25
OBL-OCC-01,Obligation,DD-CREDIT,DataDomain,OBLIGATION_CONCERNS_DATA_DOMAIN,1.0,2026-06-25
CHG-OCC,RegulatoryChange,OBL-OCC-02,Obligation,INTRODUCES_OBLIGATION,1.0,2026-06-25
OBL-OCC-02,Obligation,CTL-AU-1,Control,OBLIGATION_REQUIRES_CONTROL,1.0,2026-06-25
OBL-OCC-02,Obligation,CTL-AU-2,Control,OBLIGATION_REQUIRES_CONTROL,1.0,2026-06-25
OBL-OCC-02,Obligation,DD-REF,DataDomain,OBLIGATION_CONCERNS_DATA_DOMAIN,1.0,2026-06-25
CHG-OCC,RegulatoryChange,OBL-OCC-03,Obligation,INTRODUCES_OBLIGATION,1.0,2026-06-25
OBL-OCC-03,Obligation,CTL-DQ-1,Control,OBLIGATION_REQUIRES_CONTROL,1.0,2026-06-25
OBL-OCC-03,Obligation,CTL-DQ-2,Control,OBLIGATION_REQUIRES_CONTROL,1.0,2026-06-25
OBL-OCC-03,Obligation,DD-REF,DataDomain,OBLIGATION_CONCERNS_DATA_DOMAIN,1.0,2026-06-25
OBL-OCC-03,Obligation,DD-FIN,DataDomain,OBLIGATION_CONCERNS_DATA_DOMAIN,1.0,2026-06-25
CHG-MASTRM,RegulatoryChange,REG-MAS,Regulation,CHANGE_OF_REGULATION,1.0,2026-06-25
CHG-MASTRM,RegulatoryChange,OBL-MASTRM-01,Obligation,INTRODUCES_OBLIGATION,1.0,2026-06-25
OBL-MASTRM-01,Obligation,CTL-CY-1,Control,OBLIGATION_REQUIRES_CONTROL,1.0,2026-06-25
OBL-MASTRM-01,Obligation,CTL-CY-2,Control,OBLIGATION_REQUIRES_CONTROL,1.0,2026-06-25
OBL-MASTRM-01,Obligation,DD-REF,DataDomain,OBLIGATION_CONCERNS_DATA_DOMAIN,1.0,2026-06-25
OBL-MASTRM-01,Obligation,DD-CUSTPII,DataDomain,OBLIGATION_CONCERNS_DATA_DOMAIN,1.0,2026-06-25
CHG-MASTRM,RegulatoryChange,OBL-MASTRM-02,Obligation,INTRODUCES_OBLIGATION,1.0,2026-06-25
OBL-MASTRM-02,Obligation,CTL-OR-1,Control,OBLIGATION_REQUIRES_CONTROL,1.0,2026-06-25
OBL-MASTRM-02,Obligation,CTL-OR-2,Control,OBLIGATION_REQUIRES_CONTROL,1.0,2026-06-25
OBL-MASTRM-02,Obligation,CTL-OR-3,Control,OBLIGATION_REQUIRES_CONTROL,1.0,2026-06-25
OBL-MASTRM-02,Obligation,DD-REF,DataDomain,OBLIGATION_CONCERNS_DATA_DOMAIN,1.0,2026-06-25
CHG-MASTRM,RegulatoryChange,OBL-MASTRM-03,Obligation,INTRODUCES_OBLIGATION,1.0,2026-06-25
OBL-MASTRM-03,Obligation,CTL-AC-1,Control,OBLIGATION_REQUIRES_CONTROL,1.0,2026-06-25
OBL-MASTRM-03,Obligation,CTL-AC-2,Control,OBLIGATION_REQUIRES_CONTROL,1.0,2026-06-25
OBL-MASTRM-03,Obligation,DD-CUSTPII,DataDomain,OBLIGATION_CONCERNS_DATA_DOMAIN,1.0,2026-06-25
OBL-MASTRM-03,Obligation,DD-REF,DataDomain,OBLIGATION_CONCERNS_DATA_DOMAIN,1.0,2026-06-25
CHG-AMLD,RegulatoryChange,REG-AMLD,Regulation,CHANGE_OF_REGULATION,1.0,2026-06-25
CHG-AMLD,RegulatoryChange,OBL-AMLD-01,Obligation,INTRODUCES_OBLIGATION,1.0,2026-06-25
OBL-AMLD-01,Obligation,CTL-CDD-1,Control,OBLIGATION_REQUIRES_CONTROL,1.0,2026-06-25
OBL-AMLD-01,Obligation,CTL-CDD-2,Control,OBLIGATION_REQUIRES_CONTROL,1.0,2026-06-25
OBL-AMLD-01,Obligation,CTL-CDD-3,Control,OBLIGATION_REQUIRES_CONTROL,1.0,2026-06-25
OBL-AMLD-01,Obligation,DD-KYC,DataDomain,OBLIGATION_CONCERNS_DATA_DOMAIN,1.0,2026-06-25
OBL-AMLD-01,Obligation,DD-CUSTPII,DataDomain,OBLIGATION_CONCERNS_DATA_DOMAIN,1.0,2026-06-25
CHG-AMLD,RegulatoryChange,OBL-AMLD-02,Obligation,INTRODUCES_OBLIGATION,1.0,2026-06-25
OBL-AMLD-02,Obligation,CTL-TM-1,Control,OBLIGATION_REQUIRES_CONTROL,1.0,2026-06-25
OBL-AMLD-02,Obligation,CTL-TM-2,Control,OBLIGATION_REQUIRES_CONTROL,1.0,2026-06-25
OBL-AMLD-02,Obligation,CTL-TM-3,Control,OBLIGATION_REQUIRES_CONTROL,1.0,2026-06-25
OBL-AMLD-02,Obligation,DD-TXN,DataDomain,OBLIGATION_CONCERNS_DATA_DOMAIN,1.0,2026-06-25
OBL-AMLD-02,Obligation,DD-PAYMT,DataDomain,OBLIGATION_CONCERNS_DATA_DOMAIN,1.0,2026-06-25
CHG-AMLD,RegulatoryChange,OBL-AMLD-03,Obligation,INTRODUCES_OBLIGATION,1.0,2026-06-25
OBL-AMLD-03,Obligation,CTL-SAN-1,Control,OBLIGATION_REQUIRES_CONTROL,1.0,2026-06-25
OBL-AMLD-03,Obligation,CTL-SAN-2,Control,OBLIGATION_REQUIRES_CONTROL,1.0,2026-06-25
OBL-AMLD-03,Obligation,DD-CUSTPII,DataDomain,OBLIGATION_CONCERNS_DATA_DOMAIN,1.0,2026-06-25
OBL-AMLD-03,Obligation,DD-PAYMT,DataDomain,OBLIGATION_CONCERNS_DATA_DOMAIN,1.0,2026-06-25
CHG-AMLD,RegulatoryChange,OBL-AMLD-04,Obligation,INTRODUCES_OBLIGATION,1.0,2026-06-25
OBL-AMLD-04,Obligation,CTL-TM-1,Control,OBLIGATION_REQUIRES_CONTROL,1.0,2026-06-25
OBL-AMLD-04,Obligation,CTL-TM-2,Control,OBLIGATION_REQUIRES_CONTROL,1.0,2026-06-25
OBL-AMLD-04,Obligation,CTL-TM-3,Control,OBLIGATION_REQUIRES_CONTROL,1.0,2026-06-25
OBL-AMLD-04,Obligation,DD-TXN,DataDomain,OBLIGATION_CONCERNS_DATA_DOMAIN,1.0,2026-06-25
CHG-EUAIACT-UPLOAD,RegulatoryChange,REG-EUAIACT,Regulation,CHANGE_OF_REGULATION,1.0,2026-06-25
CHG-EUAIACT-UPLOAD,RegulatoryChange,OBL-CHG-EUAIACT-UPLOAD-01,Obligation,INTRODUCES_OBLIGATION,1.0,2026-06-25
CHG-EUAIACT-UPLOAD,RegulatoryChange,OBL-CHG-EUAIACT-UPLOAD-02,Obligation,INTRODUCES_OBLIGATION,1.0,2026-06-25
CHG-EUAIACT-UPLOAD,RegulatoryChange,OBL-CHG-EUAIACT-UPLOAD-03,Obligation,INTRODUCES_OBLIGATION,1.0,2026-06-25
CHG-EUAIACT-UPLOAD,RegulatoryChange,OBL-CHG-EUAIACT-UPLOAD-04,Obligation,INTRODUCES_OBLIGATION,1.0,2026-06-25
CHG-EUAIACT-UPLOAD,RegulatoryChange,OBL-CHG-EUAIACT-UPLOAD-05,Obligation,INTRODUCES_OBLIGATION,1.0,2026-06-25
CHG-EUAIACT-UPLOAD,RegulatoryChange,OBL-CHG-EUAIACT-UPLOAD-06,Obligation,INTRODUCES_OBLIGATION,1.0,2026-06-25
CHG-EUAIACT-UPLOAD,RegulatoryChange,OBL-CHG-EUAIACT-UPLOAD-07,Obligation,INTRODUCES_OBLIGATION,1.0,2026-06-25
CHG-EUAIACT-UPLOAD,RegulatoryChange,OBL-CHG-EUAIACT-UPLOAD-08,Obligation,INTRODUCES_OBLIGATION,1.0,2026-06-25
CHG-EUAIACT-UPLOAD,RegulatoryChange,OBL-CHG-EUAIACT-UPLOAD-09,Obligation,INTRODUCES_OBLIGATION,1.0,2026-06-25
CHG-EUAIACT-UPLOAD,RegulatoryChange,OBL-CHG-EUAIACT-UPLOAD-10,Obligation,INTRODUCES_OBLIGATION,1.0,2026-06-25
CHG-EUAIACT-UPLOAD,RegulatoryChange,OBL-CHG-EUAIACT-UPLOAD-11,Obligation,INTRODUCES_OBLIGATION,1.0,2026-06-25
CHG-EUAIACT-UPLOAD,RegulatoryChange,OBL-CHG-EUAIACT-UPLOAD-12,Obligation,INTRODUCES_OBLIGATION,1.0,2026-06-25
CHG-EUAIACT-UPLOAD,RegulatoryChange,OBL-CHG-EUAIACT-UPLOAD-13,Obligation,INTRODUCES_OBLIGATION,1.0,2026-06-25
CHG-EUAIACT-UPLOAD,RegulatoryChange,OBL-CHG-EUAIACT-UPLOAD-14,Obligation,INTRODUCES_OBLIGATION,1.0,2026-06-25
CHG-EUAIACT-UPLOAD,RegulatoryChange,OBL-CHG-EUAIACT-UPLOAD-15,Obligation,INTRODUCES_OBLIGATION,1.0,2026-06-25
OBL-CHG-EUAIACT-UPLOAD-01,Obligation,CTL-DQ-1,Control,OBLIGATION_REQUIRES_CONTROL,1.0,2026-06-25
OBL-CHG-EUAIACT-UPLOAD-01,Obligation,CTL-DQ-2,Control,OBLIGATION_REQUIRES_CONTROL,1.0,2026-06-25
OBL-CHG-EUAIACT-UPLOAD-02,Obligation,CTL-LIN-1,Control,OBLIGATION_REQUIRES_CONTROL,1.0,2026-06-25
OBL-CHG-EUAIACT-UPLOAD-03,Obligation,CTL-AU-1,Control,OBLIGATION_REQUIRES_CONTROL,1.0,2026-06-25
OBL-CHG-EUAIACT-UPLOAD-04,Obligation,CTL-AI-2,Control,OBLIGATION_REQUIRES_CONTROL,1.0,2026-06-25
OBL-CHG-EUAIACT-UPLOAD-05,Obligation,CTL-MR-2,Control,OBLIGATION_REQUIRES_CONTROL,1.0,2026-06-25
OBL-CHG-EUAIACT-UPLOAD-05,Obligation,CTL-MR-3,Control,OBLIGATION_REQUIRES_CONTROL,1.0,2026-06-25
OBL-CHG-EUAIACT-UPLOAD-06,Obligation,CTL-AU-2,Control,OBLIGATION_REQUIRES_CONTROL,1.0,2026-06-25
OBL-CHG-EUAIACT-UPLOAD-07,Obligation,CTL-MD-1,Control,OBLIGATION_REQUIRES_CONTROL,1.0,2026-06-25
OBL-CHG-EUAIACT-UPLOAD-08,Obligation,CTL-CY-1,Control,OBLIGATION_REQUIRES_CONTROL,1.0,2026-06-25
OBL-CHG-EUAIACT-UPLOAD-08,Obligation,CTL-CY-2,Control,OBLIGATION_REQUIRES_CONTROL,1.0,2026-06-25
OBL-CHG-EUAIACT-UPLOAD-09,Obligation,CTL-CO-3,Control,OBLIGATION_REQUIRES_CONTROL,1.0,2026-06-25
OBL-CHG-EUAIACT-UPLOAD-10,Obligation,CTL-RP-1,Control,OBLIGATION_REQUIRES_CONTROL,1.0,2026-06-25
OBL-CHG-EUAIACT-UPLOAD-11,Obligation,CTL-IC-1,Control,OBLIGATION_REQUIRES_CONTROL,1.0,2026-06-25
OBL-CHG-EUAIACT-UPLOAD-11,Obligation,CTL-IC-2,Control,OBLIGATION_REQUIRES_CONTROL,1.0,2026-06-25
OBL-CHG-EUAIACT-UPLOAD-12,Obligation,CTL-TP-1,Control,OBLIGATION_REQUIRES_CONTROL,1.0,2026-06-25
OBL-CHG-EUAIACT-UPLOAD-12,Obligation,CTL-TP-2,Control,OBLIGATION_REQUIRES_CONTROL,1.0,2026-06-25
OBL-CHG-EUAIACT-UPLOAD-13,Obligation,CTL-RT-1,Control,OBLIGATION_REQUIRES_CONTROL,1.0,2026-06-25
OBL-CHG-EUAIACT-UPLOAD-14,Obligation,CTL-AC-1,Control,OBLIGATION_REQUIRES_CONTROL,1.0,2026-06-25
OBL-CHG-EUAIACT-UPLOAD-14,Obligation,CTL-AC-2,Control,OBLIGATION_REQUIRES_CONTROL,1.0,2026-06-25
OBL-CHG-EUAIACT-UPLOAD-15,Obligation,CTL-AI-2,Control,OBLIGATION_REQUIRES_CONTROL,1.0,2026-06-25
