Gap_ID,Entity_Type,Entity_ID,As_Of
GAP-OBL-EUAIACT-01-CTL-TD-1,System,SYS-AIP,2026-06-25
GAP-OBL-EUAIACT-01-CTL-TD-1,System,SYS-LAKE,2026-06-25
GAP-OBL-EUAIACT-01-CTL-TD-1,BusinessProcess,PR-LENDING,2026-06-25
GAP-OBL-EUAIACT-01-CTL-TD-1,BusinessProcess,PR-REGRPT,2026-06-25
GAP-OBL-EUAIACT-01-CTL-TD-1,BusinessProcess,PR-DATAGOV,2026-06-25
GAP-OBL-EUAIACT-01-CTL-TD-1,BusinessProcess,PR-AILIFE,2026-06-25
GAP-OBL-EUAIACT-01-CTL-TD-1,Product,PRD-BLOAN,2026-06-25
GAP-OBL-EUAIACT-01-CTL-TD-1,Product,PRD-MORT,2026-06-25
GAP-OBL-EUAIACT-01-CTL-TD-1,Product,PRD-PLOAN,2026-06-25
GAP-OBL-EUAIACT-01-CTL-TD-1,DataDomain,DD-MODEL,2026-06-25
GAP-OBL-EUAIACT-01-CTL-TD-1,DataDomain,DD-CREDIT,2026-06-25
GAP-OBL-EUAIACT-01-CTL-TD-2,System,SYS-AIP,2026-06-25
GAP-OBL-EUAIACT-01-CTL-TD-2,BusinessProcess,PR-LENDING,2026-06-25
GAP-OBL-EUAIACT-01-CTL-TD-2,BusinessProcess,PR-AILIFE,2026-06-25
GAP-OBL-EUAIACT-01-CTL-TD-2,Product,PRD-BLOAN,2026-06-25
GAP-OBL-EUAIACT-01-CTL-TD-2,Product,PRD-MORT,2026-06-25
GAP-OBL-EUAIACT-01-CTL-TD-2,Product,PRD-PLOAN,2026-06-25
GAP-OBL-EUAIACT-01-CTL-TD-2,DataDomain,DD-MODEL,2026-06-25
GAP-OBL-EUAIACT-01-CTL-TD-2,DataDomain,DD-CREDIT,2026-06-25
GAP-OBL-EUAIACT-02-CTL-LIN-1,System,SYS-LAKE,2026-06-25
GAP-OBL-EUAIACT-02-CTL-LIN-1,System,SYS-REGRPT,2026-06-25
GAP-OBL-EUAIACT-02-CTL-LIN-1,BusinessProcess,PR-TRADING,2026-06-25
GAP-OBL-EUAIACT-02-CTL-LIN-1,BusinessProcess,PR-REGRPT,2026-06-25
GAP-OBL-EUAIACT-02-CTL-LIN-1,BusinessProcess,PR-DATAGOV,2026-06-25
GAP-OBL-EUAIACT-02-CTL-LIN-1,BusinessProcess,PR-AILIFE,2026-06-25
GAP-OBL-EUAIACT-02-CTL-LIN-1,Product,PRD-DERIV,2026-06-25
GAP-OBL-EUAIACT-02-CTL-LIN-1,Product,PRD-FX,2026-06-25
GAP-OBL-EUAIACT-02-CTL-LIN-1,Product,PRD-MORT,2026-06-25
GAP-OBL-EUAIACT-02-CTL-LIN-1,Product,PRD-PLOAN,2026-06-25
GAP-OBL-EUAIACT-02-CTL-LIN-1,DataDomain,DD-FIN,2026-06-25
GAP-OBL-EUAIACT-02-CTL-LIN-1,DataDomain,DD-CREDIT,2026-06-25
GAP-OBL-EUAIACT-02-CTL-LIN-1,DataDomain,DD-TRADE,2026-06-25
GAP-OBL-EUAIACT-02-CTL-LIN-2,System,SYS-REGRPT,2026-06-25
GAP-OBL-EUAIACT-02-CTL-LIN-2,System,SYS-GL,2026-06-25
GAP-OBL-EUAIACT-02-CTL-LIN-2,BusinessProcess,PR-TRADING,2026-06-25
GAP-OBL-EUAIACT-02-CTL-LIN-2,BusinessProcess,PR-REGRPT,2026-06-25
GAP-OBL-EUAIACT-02-CTL-LIN-2,Product,PRD-DERIV,2026-06-25
GAP-OBL-EUAIACT-02-CTL-LIN-2,Product,PRD-FX,2026-06-25
GAP-OBL-EUAIACT-02-CTL-LIN-2,DataDomain,DD-FIN,2026-06-25
GAP-OBL-EUAIACT-02-CTL-LIN-2,DataDomain,DD-CREDIT,2026-06-25
GAP-OBL-EUAIACT-02-CTL-LIN-2,DataDomain,DD-TRADE,2026-06-25
GAP-OBL-EUAIACT-03-CTL-TR-1,System,SYS-AIP,2026-06-25
GAP-OBL-EUAIACT-03-CTL-TR-1,System,SYS-LAKE,2026-06-25
GAP-OBL-EUAIACT-03-CTL-TR-1,BusinessProcess,PR-LENDING,2026-06-25
GAP-OBL-EUAIACT-03-CTL-TR-1,BusinessProcess,PR-REGRPT,2026-06-25
GAP-OBL-EUAIACT-03-CTL-TR-1,BusinessProcess,PR-DATAGOV,2026-06-25
GAP-OBL-EUAIACT-03-CTL-TR-1,BusinessProcess,PR-AILIFE,2026-06-25
GAP-OBL-EUAIACT-03-CTL-TR-1,Product,PRD-BLOAN,2026-06-25
GAP-OBL-EUAIACT-03-CTL-TR-1,Product,PRD-MORT,2026-06-25
GAP-OBL-EUAIACT-03-CTL-TR-1,Product,PRD-PLOAN,2026-06-25
GAP-OBL-EUAIACT-03-CTL-TR-1,DataDomain,DD-MODEL,2026-06-25
GAP-OBL-EUAIACT-03-CTL-TR-2,System,SYS-AIP,2026-06-25
GAP-OBL-EUAIACT-03-CTL-TR-2,BusinessProcess,PR-LENDING,2026-06-25
GAP-OBL-EUAIACT-03-CTL-TR-2,BusinessProcess,PR-AILIFE,2026-06-25
GAP-OBL-EUAIACT-03-CTL-TR-2,Product,PRD-BLOAN,2026-06-25
GAP-OBL-EUAIACT-03-CTL-TR-2,Product,PRD-MORT,2026-06-25
GAP-OBL-EUAIACT-03-CTL-TR-2,Product,PRD-PLOAN,2026-06-25
GAP-OBL-EUAIACT-03-CTL-TR-2,DataDomain,DD-MODEL,2026-06-25
GAP-OBL-EUAIACT-04-CTL-AI-1-EV,System,SYS-AIP,2026-06-25
GAP-OBL-EUAIACT-04-CTL-AI-1-EV,BusinessProcess,PR-LENDING,2026-06-25
GAP-OBL-EUAIACT-04-CTL-AI-1-EV,BusinessProcess,PR-AILIFE,2026-06-25
GAP-OBL-EUAIACT-04-CTL-AI-1-EV,Product,PRD-BLOAN,2026-06-25
GAP-OBL-EUAIACT-04-CTL-AI-1-EV,Product,PRD-MORT,2026-06-25
GAP-OBL-EUAIACT-04-CTL-AI-1-EV,Product,PRD-PLOAN,2026-06-25
GAP-OBL-EUAIACT-04-CTL-AI-1-EV,DataDomain,DD-MODEL,2026-06-25
GAP-OBL-EUAIACT-04-CTL-AI-2,System,SYS-AIP,2026-06-25
GAP-OBL-EUAIACT-04-CTL-AI-2,BusinessProcess,PR-LENDING,2026-06-25
GAP-OBL-EUAIACT-04-CTL-AI-2,BusinessProcess,PR-AILIFE,2026-06-25
GAP-OBL-EUAIACT-04-CTL-AI-2,Product,PRD-BLOAN,2026-06-25
GAP-OBL-EUAIACT-04-CTL-AI-2,Product,PRD-MORT,2026-06-25
GAP-OBL-EUAIACT-04-CTL-AI-2,Product,PRD-PLOAN,2026-06-25
GAP-OBL-EUAIACT-04-CTL-AI-2,DataDomain,DD-MODEL,2026-06-25
GAP-OBL-EUAIACT-04-CTL-AI-3,System,SYS-AIP,2026-06-25
GAP-OBL-EUAIACT-04-CTL-AI-3,System,SYS-LAKE,2026-06-25
GAP-OBL-EUAIACT-04-CTL-AI-3,BusinessProcess,PR-LENDING,2026-06-25
GAP-OBL-EUAIACT-04-CTL-AI-3,BusinessProcess,PR-REGRPT,2026-06-25
GAP-OBL-EUAIACT-04-CTL-AI-3,BusinessProcess,PR-DATAGOV,2026-06-25
GAP-OBL-EUAIACT-04-CTL-AI-3,BusinessProcess,PR-AILIFE,2026-06-25
GAP-OBL-EUAIACT-04-CTL-AI-3,Product,PRD-BLOAN,2026-06-25
GAP-OBL-EUAIACT-04-CTL-AI-3,Product,PRD-MORT,2026-06-25
GAP-OBL-EUAIACT-04-CTL-AI-3,Product,PRD-PLOAN,2026-06-25
GAP-OBL-EUAIACT-04-CTL-AI-3,DataDomain,DD-MODEL,2026-06-25
GAP-OBL-EUAIACT-05-CTL-MR-1,System,SYS-AIP,2026-06-25
GAP-OBL-EUAIACT-05-CTL-MR-1,BusinessProcess,PR-LENDING,2026-06-25
GAP-OBL-EUAIACT-05-CTL-MR-1,BusinessProcess,PR-AILIFE,2026-06-25
GAP-OBL-EUAIACT-05-CTL-MR-1,Product,PRD-BLOAN,2026-06-25
GAP-OBL-EUAIACT-05-CTL-MR-1,Product,PRD-MORT,2026-06-25
GAP-OBL-EUAIACT-05-CTL-MR-1,Product,PRD-PLOAN,2026-06-25
GAP-OBL-EUAIACT-05-CTL-MR-1,DataDomain,DD-MODEL,2026-06-25
GAP-OBL-EUAIACT-05-CTL-MR-1,DataDomain,DD-CREDIT,2026-06-25
GAP-OBL-EUAIACT-05-CTL-MR-2,System,SYS-AIP,2026-06-25
GAP-OBL-EUAIACT-05-CTL-MR-2,System,SYS-CREDIT,2026-06-25
GAP-OBL-EUAIACT-05-CTL-MR-2,BusinessProcess,PR-LENDING,2026-06-25
GAP-OBL-EUAIACT-05-CTL-MR-2,BusinessProcess,PR-AILIFE,2026-06-25
GAP-OBL-EUAIACT-05-CTL-MR-2,Product,PRD-BLOAN,2026-06-25
GAP-OBL-EUAIACT-05-CTL-MR-2,Product,PRD-MORT,2026-06-25
GAP-OBL-EUAIACT-05-CTL-MR-2,Product,PRD-PLOAN,2026-06-25
GAP-OBL-EUAIACT-05-CTL-MR-2,DataDomain,DD-MODEL,2026-06-25
GAP-OBL-EUAIACT-05-CTL-MR-2,DataDomain,DD-CREDIT,2026-06-25
GAP-OBL-EUAIACT-05-CTL-MR-3,System,SYS-AIP,2026-06-25
GAP-OBL-EUAIACT-05-CTL-MR-3,BusinessProcess,PR-LENDING,2026-06-25
GAP-OBL-EUAIACT-05-CTL-MR-3,BusinessProcess,PR-AILIFE,2026-06-25
GAP-OBL-EUAIACT-05-CTL-MR-3,Product,PRD-BLOAN,2026-06-25
GAP-OBL-EUAIACT-05-CTL-MR-3,Product,PRD-MORT,2026-06-25
GAP-OBL-EUAIACT-05-CTL-MR-3,Product,PRD-PLOAN,2026-06-25
GAP-OBL-EUAIACT-05-CTL-MR-3,DataDomain,DD-MODEL,2026-06-25
GAP-OBL-EUAIACT-05-CTL-MR-3,DataDomain,DD-CREDIT,2026-06-25
GAP-OBL-NISTAIRMF-01-CTL-AI-1-EV,System,SYS-AIP,2026-06-25
GAP-OBL-NISTAIRMF-01-CTL-AI-1-EV,BusinessProcess,PR-LENDING,2026-06-25
GAP-OBL-NISTAIRMF-01-CTL-AI-1-EV,BusinessProcess,PR-AILIFE,2026-06-25
GAP-OBL-NISTAIRMF-01-CTL-AI-1-EV,Product,PRD-BLOAN,2026-06-25
GAP-OBL-NISTAIRMF-01-CTL-AI-1-EV,Product,PRD-MORT,2026-06-25
GAP-OBL-NISTAIRMF-01-CTL-AI-1-EV,Product,PRD-PLOAN,2026-06-25
GAP-OBL-NISTAIRMF-01-CTL-AI-1-EV,DataDomain,DD-MODEL,2026-06-25
GAP-OBL-NISTAIRMF-01-CTL-AI-2,System,SYS-AIP,2026-06-25
GAP-OBL-NISTAIRMF-01-CTL-AI-2,BusinessProcess,PR-LENDING,2026-06-25
GAP-OBL-NISTAIRMF-01-CTL-AI-2,BusinessProcess,PR-AILIFE,2026-06-25
GAP-OBL-NISTAIRMF-01-CTL-AI-2,Product,PRD-BLOAN,2026-06-25
GAP-OBL-NISTAIRMF-01-CTL-AI-2,Product,PRD-MORT,2026-06-25
GAP-OBL-NISTAIRMF-01-CTL-AI-2,Product,PRD-PLOAN,2026-06-25
GAP-OBL-NISTAIRMF-01-CTL-AI-2,DataDomain,DD-MODEL,2026-06-25
GAP-OBL-NISTAIRMF-01-CTL-AI-3,System,SYS-AIP,2026-06-25
GAP-OBL-NISTAIRMF-01-CTL-AI-3,System,SYS-LAKE,2026-06-25
GAP-OBL-NISTAIRMF-01-CTL-AI-3,BusinessProcess,PR-LENDING,2026-06-25
GAP-OBL-NISTAIRMF-01-CTL-AI-3,BusinessProcess,PR-REGRPT,2026-06-25
GAP-OBL-NISTAIRMF-01-CTL-AI-3,BusinessProcess,PR-DATAGOV,2026-06-25
GAP-OBL-NISTAIRMF-01-CTL-AI-3,BusinessProcess,PR-AILIFE,2026-06-25
GAP-OBL-NISTAIRMF-01-CTL-AI-3,Product,PRD-BLOAN,2026-06-25
GAP-OBL-NISTAIRMF-01-CTL-AI-3,Product,PRD-MORT,2026-06-25
GAP-OBL-NISTAIRMF-01-CTL-AI-3,Product,PRD-PLOAN,2026-06-25
GAP-OBL-NISTAIRMF-01-CTL-AI-3,DataDomain,DD-MODEL,2026-06-25
GAP-OBL-NISTAIRMF-02-CTL-MR-1,System,SYS-AIP,2026-06-25
GAP-OBL-NISTAIRMF-02-CTL-MR-1,BusinessProcess,PR-LENDING,2026-06-25
GAP-OBL-NISTAIRMF-02-CTL-MR-1,BusinessProcess,PR-AILIFE,2026-06-25
GAP-OBL-NISTAIRMF-02-CTL-MR-1,Product,PRD-BLOAN,2026-06-25
GAP-OBL-NISTAIRMF-02-CTL-MR-1,Product,PRD-MORT,2026-06-25
GAP-OBL-NISTAIRMF-02-CTL-MR-1,Product,PRD-PLOAN,2026-06-25
GAP-OBL-NISTAIRMF-02-CTL-MR-1,DataDomain,DD-MODEL,2026-06-25
GAP-OBL-NISTAIRMF-02-CTL-MR-1,DataDomain,DD-CREDIT,2026-06-25
GAP-OBL-NISTAIRMF-02-CTL-MR-2,System,SYS-AIP,2026-06-25
GAP-OBL-NISTAIRMF-02-CTL-MR-2,System,SYS-CREDIT,2026-06-25
GAP-OBL-NISTAIRMF-02-CTL-MR-2,BusinessProcess,PR-LENDING,2026-06-25
GAP-OBL-NISTAIRMF-02-CTL-MR-2,BusinessProcess,PR-AILIFE,2026-06-25
GAP-OBL-NISTAIRMF-02-CTL-MR-2,Product,PRD-BLOAN,2026-06-25
GAP-OBL-NISTAIRMF-02-CTL-MR-2,Product,PRD-MORT,2026-06-25
GAP-OBL-NISTAIRMF-02-CTL-MR-2,Product,PRD-PLOAN,2026-06-25
GAP-OBL-NISTAIRMF-02-CTL-MR-2,DataDomain,DD-MODEL,2026-06-25
GAP-OBL-NISTAIRMF-02-CTL-MR-2,DataDomain,DD-CREDIT,2026-06-25
GAP-OBL-NISTAIRMF-02-CTL-MR-3,System,SYS-AIP,2026-06-25
GAP-OBL-NISTAIRMF-02-CTL-MR-3,BusinessProcess,PR-LENDING,2026-06-25
GAP-OBL-NISTAIRMF-02-CTL-MR-3,BusinessProcess,PR-AILIFE,2026-06-25
GAP-OBL-NISTAIRMF-02-CTL-MR-3,Product,PRD-BLOAN,2026-06-25
GAP-OBL-NISTAIRMF-02-CTL-MR-3,Product,PRD-MORT,2026-06-25
GAP-OBL-NISTAIRMF-02-CTL-MR-3,Product,PRD-PLOAN,2026-06-25
GAP-OBL-NISTAIRMF-02-CTL-MR-3,DataDomain,DD-MODEL,2026-06-25
GAP-OBL-NISTAIRMF-02-CTL-MR-3,DataDomain,DD-CREDIT,2026-06-25
GAP-OBL-NISTAIRMF-03-CTL-TR-1,System,SYS-AIP,2026-06-25
GAP-OBL-NISTAIRMF-03-CTL-TR-1,System,SYS-LAKE,2026-06-25
GAP-OBL-NISTAIRMF-03-CTL-TR-1,BusinessProcess,PR-LENDING,2026-06-25
GAP-OBL-NISTAIRMF-03-CTL-TR-1,BusinessProcess,PR-REGRPT,2026-06-25
GAP-OBL-NISTAIRMF-03-CTL-TR-1,BusinessProcess,PR-DATAGOV,2026-06-25
GAP-OBL-NISTAIRMF-03-CTL-TR-1,BusinessProcess,PR-AILIFE,2026-06-25
GAP-OBL-NISTAIRMF-03-CTL-TR-1,Product,PRD-BLOAN,2026-06-25
GAP-OBL-NISTAIRMF-03-CTL-TR-1,Product,PRD-MORT,2026-06-25
GAP-OBL-NISTAIRMF-03-CTL-TR-1,Product,PRD-PLOAN,2026-06-25
GAP-OBL-NISTAIRMF-03-CTL-TR-1,DataDomain,DD-MODEL,2026-06-25
GAP-OBL-NISTAIRMF-03-CTL-TR-2,System,SYS-AIP,2026-06-25
GAP-OBL-NISTAIRMF-03-CTL-TR-2,BusinessProcess,PR-LENDING,2026-06-25
GAP-OBL-NISTAIRMF-03-CTL-TR-2,BusinessProcess,PR-AILIFE,2026-06-25
GAP-OBL-NISTAIRMF-03-CTL-TR-2,Product,PRD-BLOAN,2026-06-25
GAP-OBL-NISTAIRMF-03-CTL-TR-2,Product,PRD-MORT,2026-06-25
GAP-OBL-NISTAIRMF-03-CTL-TR-2,Product,PRD-PLOAN,2026-06-25
GAP-OBL-NISTAIRMF-03-CTL-TR-2,DataDomain,DD-MODEL,2026-06-25
GAP-OBL-DORA-01-CTL-OR-1,System,SYS-CORE,2026-06-25
GAP-OBL-DORA-01-CTL-OR-1,System,SYS-PAY,2026-06-25
GAP-OBL-DORA-01-CTL-OR-1,BusinessProcess,PR-ONBOARD,2026-06-25
GAP-OBL-DORA-01-CTL-OR-1,BusinessProcess,PR-PAYMENTS,2026-06-25
GAP-OBL-DORA-01-CTL-OR-1,BusinessProcess,PR-LENDING,2026-06-25
GAP-OBL-DORA-01-CTL-OR-1,BusinessProcess,PR-SERVICE,2026-06-25
GAP-OBL-DORA-01-CTL-OR-1,Product,PRD-BLOAN,2026-06-25
GAP-OBL-DORA-01-CTL-OR-1,Product,PRD-CARD,2026-06-25
GAP-OBL-DORA-01-CTL-OR-1,Product,PRD-CURR,2026-06-25
GAP-OBL-DORA-01-CTL-OR-1,Product,PRD-MORT,2026-06-25
GAP-OBL-DORA-01-CTL-OR-1,Product,PRD-PLOAN,2026-06-25
GAP-OBL-DORA-01-CTL-OR-1,Product,PRD-SAV,2026-06-25
GAP-OBL-DORA-01-CTL-OR-1,DataDomain,DD-REF,2026-06-25
GAP-OBL-DORA-01-CTL-OR-2,System,SYS-CORE,2026-06-25
GAP-OBL-DORA-01-CTL-OR-2,BusinessProcess,PR-ONBOARD,2026-06-25
GAP-OBL-DORA-01-CTL-OR-2,BusinessProcess,PR-PAYMENTS,2026-06-25
GAP-OBL-DORA-01-CTL-OR-2,BusinessProcess,PR-LENDING,2026-06-25
GAP-OBL-DORA-01-CTL-OR-2,BusinessProcess,PR-SERVICE,2026-06-25
GAP-OBL-DORA-01-CTL-OR-2,Product,PRD-BLOAN,2026-06-25
GAP-OBL-DORA-01-CTL-OR-2,Product,PRD-CARD,2026-06-25
GAP-OBL-DORA-01-CTL-OR-2,Product,PRD-CURR,2026-06-25
GAP-OBL-DORA-01-CTL-OR-2,Product,PRD-MORT,2026-06-25
GAP-OBL-DORA-01-CTL-OR-2,Product,PRD-PLOAN,2026-06-25
GAP-OBL-DORA-01-CTL-OR-2,Product,PRD-SAV,2026-06-25
GAP-OBL-DORA-01-CTL-OR-2,DataDomain,DD-REF,2026-06-25
GAP-OBL-DORA-01-CTL-OR-3,System,SYS-LAKE,2026-06-25
GAP-OBL-DORA-01-CTL-OR-3,System,SYS-CORE,2026-06-25
GAP-OBL-DORA-01-CTL-OR-3,BusinessProcess,PR-ONBOARD,2026-06-25
GAP-OBL-DORA-01-CTL-OR-3,BusinessProcess,PR-PAYMENTS,2026-06-25
GAP-OBL-DORA-01-CTL-OR-3,BusinessProcess,PR-LENDING,2026-06-25
GAP-OBL-DORA-01-CTL-OR-3,BusinessProcess,PR-REGRPT,2026-06-25
GAP-OBL-DORA-01-CTL-OR-3,BusinessProcess,PR-SERVICE,2026-06-25
GAP-OBL-DORA-01-CTL-OR-3,BusinessProcess,PR-DATAGOV,2026-06-25
GAP-OBL-DORA-01-CTL-OR-3,BusinessProcess,PR-AILIFE,2026-06-25
GAP-OBL-DORA-01-CTL-OR-3,Product,PRD-BLOAN,2026-06-25
GAP-OBL-DORA-01-CTL-OR-3,Product,PRD-CARD,2026-06-25
GAP-OBL-DORA-01-CTL-OR-3,Product,PRD-CURR,2026-06-25
GAP-OBL-DORA-01-CTL-OR-3,Product,PRD-MORT,2026-06-25
GAP-OBL-DORA-01-CTL-OR-3,Product,PRD-PLOAN,2026-06-25
GAP-OBL-DORA-01-CTL-OR-3,Product,PRD-SAV,2026-06-25
GAP-OBL-DORA-01-CTL-OR-3,DataDomain,DD-REF,2026-06-25
GAP-OBL-DORA-02-CTL-IC-1,System,SYS-IAM,2026-06-25
GAP-OBL-DORA-02-CTL-IC-1,System,SYS-LAKE,2026-06-25
GAP-OBL-DORA-02-CTL-IC-1,BusinessProcess,PR-ONBOARD,2026-06-25
GAP-OBL-DORA-02-CTL-IC-1,BusinessProcess,PR-REGRPT,2026-06-25
GAP-OBL-DORA-02-CTL-IC-1,BusinessProcess,PR-SERVICE,2026-06-25
GAP-OBL-DORA-02-CTL-IC-1,BusinessProcess,PR-DATAGOV,2026-06-25
GAP-OBL-DORA-02-CTL-IC-1,BusinessProcess,PR-AILIFE,2026-06-25
GAP-OBL-DORA-02-CTL-IC-1,Product,PRD-CARD,2026-06-25
GAP-OBL-DORA-02-CTL-IC-1,Product,PRD-CURR,2026-06-25
GAP-OBL-DORA-02-CTL-IC-1,Product,PRD-MORT,2026-06-25
GAP-OBL-DORA-02-CTL-IC-1,Product,PRD-PLOAN,2026-06-25
GAP-OBL-DORA-02-CTL-IC-1,Product,PRD-SAV,2026-06-25
GAP-OBL-DORA-02-CTL-IC-1,DataDomain,DD-REF,2026-06-25
GAP-OBL-DORA-02-CTL-IC-2,System,SYS-IAM,2026-06-25
GAP-OBL-DORA-02-CTL-IC-2,BusinessProcess,PR-ONBOARD,2026-06-25
GAP-OBL-DORA-02-CTL-IC-2,BusinessProcess,PR-SERVICE,2026-06-25
GAP-OBL-DORA-02-CTL-IC-2,BusinessProcess,PR-DATAGOV,2026-06-25
GAP-OBL-DORA-02-CTL-IC-2,Product,PRD-CARD,2026-06-25
GAP-OBL-DORA-02-CTL-IC-2,Product,PRD-CURR,2026-06-25
GAP-OBL-DORA-02-CTL-IC-2,Product,PRD-SAV,2026-06-25
GAP-OBL-DORA-02-CTL-IC-2,DataDomain,DD-REF,2026-06-25
GAP-OBL-DORA-02-CTL-IC-3,System,SYS-IAM,2026-06-25
GAP-OBL-DORA-02-CTL-IC-3,BusinessProcess,PR-ONBOARD,2026-06-25
GAP-OBL-DORA-02-CTL-IC-3,BusinessProcess,PR-SERVICE,2026-06-25
GAP-OBL-DORA-02-CTL-IC-3,BusinessProcess,PR-DATAGOV,2026-06-25
GAP-OBL-DORA-02-CTL-IC-3,Product,PRD-CARD,2026-06-25
GAP-OBL-DORA-02-CTL-IC-3,Product,PRD-CURR,2026-06-25
GAP-OBL-DORA-02-CTL-IC-3,Product,PRD-SAV,2026-06-25
GAP-OBL-DORA-02-CTL-IC-3,DataDomain,DD-REF,2026-06-25
GAP-OBL-DORA-03-CTL-IC-1,System,SYS-IAM,2026-06-25
GAP-OBL-DORA-03-CTL-IC-1,System,SYS-LAKE,2026-06-25
GAP-OBL-DORA-03-CTL-IC-1,BusinessProcess,PR-ONBOARD,2026-06-25
GAP-OBL-DORA-03-CTL-IC-1,BusinessProcess,PR-REGRPT,2026-06-25
GAP-OBL-DORA-03-CTL-IC-1,BusinessProcess,PR-SERVICE,2026-06-25
GAP-OBL-DORA-03-CTL-IC-1,BusinessProcess,PR-DATAGOV,2026-06-25
GAP-OBL-DORA-03-CTL-IC-1,BusinessProcess,PR-AILIFE,2026-06-25
GAP-OBL-DORA-03-CTL-IC-1,Product,PRD-CARD,2026-06-25
GAP-OBL-DORA-03-CTL-IC-1,Product,PRD-CURR,2026-06-25
GAP-OBL-DORA-03-CTL-IC-1,Product,PRD-MORT,2026-06-25
GAP-OBL-DORA-03-CTL-IC-1,Product,PRD-PLOAN,2026-06-25
GAP-OBL-DORA-03-CTL-IC-1,Product,PRD-SAV,2026-06-25
GAP-OBL-DORA-03-CTL-IC-1,DataDomain,DD-REF,2026-06-25
GAP-OBL-DORA-03-CTL-IC-1,DataDomain,DD-CUSTPII,2026-06-25
GAP-OBL-DORA-03-CTL-IC-2,System,SYS-IAM,2026-06-25
GAP-OBL-DORA-03-CTL-IC-2,BusinessProcess,PR-ONBOARD,2026-06-25
GAP-OBL-DORA-03-CTL-IC-2,BusinessProcess,PR-SERVICE,2026-06-25
GAP-OBL-DORA-03-CTL-IC-2,BusinessProcess,PR-DATAGOV,2026-06-25
GAP-OBL-DORA-03-CTL-IC-2,Product,PRD-CARD,2026-06-25
GAP-OBL-DORA-03-CTL-IC-2,Product,PRD-CURR,2026-06-25
GAP-OBL-DORA-03-CTL-IC-2,Product,PRD-SAV,2026-06-25
GAP-OBL-DORA-03-CTL-IC-2,DataDomain,DD-REF,2026-06-25
GAP-OBL-DORA-03-CTL-IC-2,DataDomain,DD-CUSTPII,2026-06-25
GAP-OBL-DORA-03-CTL-IC-3,System,SYS-IAM,2026-06-25
GAP-OBL-DORA-03-CTL-IC-3,BusinessProcess,PR-ONBOARD,2026-06-25
GAP-OBL-DORA-03-CTL-IC-3,BusinessProcess,PR-SERVICE,2026-06-25
GAP-OBL-DORA-03-CTL-IC-3,BusinessProcess,PR-DATAGOV,2026-06-25
GAP-OBL-DORA-03-CTL-IC-3,Product,PRD-CARD,2026-06-25
GAP-OBL-DORA-03-CTL-IC-3,Product,PRD-CURR,2026-06-25
GAP-OBL-DORA-03-CTL-IC-3,Product,PRD-SAV,2026-06-25
GAP-OBL-DORA-03-CTL-IC-3,DataDomain,DD-REF,2026-06-25
GAP-OBL-DORA-03-CTL-IC-3,DataDomain,DD-CUSTPII,2026-06-25
GAP-OBL-DORA-03-CTL-CY-1,System,SYS-IAM,2026-06-25
GAP-OBL-DORA-03-CTL-CY-1,System,SYS-LAKE,2026-06-25
GAP-OBL-DORA-03-CTL-CY-1,BusinessProcess,PR-ONBOARD,2026-06-25
GAP-OBL-DORA-03-CTL-CY-1,BusinessProcess,PR-REGRPT,2026-06-25
GAP-OBL-DORA-03-CTL-CY-1,BusinessProcess,PR-SERVICE,2026-06-25
GAP-OBL-DORA-03-CTL-CY-1,BusinessProcess,PR-DATAGOV,2026-06-25
GAP-OBL-DORA-03-CTL-CY-1,BusinessProcess,PR-AILIFE,2026-06-25
GAP-OBL-DORA-03-CTL-CY-1,Product,PRD-CARD,2026-06-25
GAP-OBL-DORA-03-CTL-CY-1,Product,PRD-CURR,2026-06-25
GAP-OBL-DORA-03-CTL-CY-1,Product,PRD-MORT,2026-06-25
GAP-OBL-DORA-03-CTL-CY-1,Product,PRD-PLOAN,2026-06-25
GAP-OBL-DORA-03-CTL-CY-1,Product,PRD-SAV,2026-06-25
GAP-OBL-DORA-03-CTL-CY-1,DataDomain,DD-REF,2026-06-25
GAP-OBL-DORA-03-CTL-CY-1,DataDomain,DD-CUSTPII,2026-06-25
GAP-OBL-DORA-03-CTL-CY-2,System,SYS-IAM,2026-06-25
GAP-OBL-DORA-03-CTL-CY-2,BusinessProcess,PR-ONBOARD,2026-06-25
GAP-OBL-DORA-03-CTL-CY-2,BusinessProcess,PR-SERVICE,2026-06-25
GAP-OBL-DORA-03-CTL-CY-2,BusinessProcess,PR-DATAGOV,2026-06-25
GAP-OBL-DORA-03-CTL-CY-2,Product,PRD-CARD,2026-06-25
GAP-OBL-DORA-03-CTL-CY-2,Product,PRD-CURR,2026-06-25
GAP-OBL-DORA-03-CTL-CY-2,Product,PRD-SAV,2026-06-25
GAP-OBL-DORA-03-CTL-CY-2,DataDomain,DD-REF,2026-06-25
GAP-OBL-DORA-03-CTL-CY-2,DataDomain,DD-CUSTPII,2026-06-25
GAP-OBL-DORA-04-CTL-TP-1,System,SYS-LAKE,2026-06-25
GAP-OBL-DORA-04-CTL-TP-1,BusinessProcess,PR-REGRPT,2026-06-25
GAP-OBL-DORA-04-CTL-TP-1,BusinessProcess,PR-DATAGOV,2026-06-25
GAP-OBL-DORA-04-CTL-TP-1,BusinessProcess,PR-AILIFE,2026-06-25
GAP-OBL-DORA-04-CTL-TP-1,Product,PRD-MORT,2026-06-25
GAP-OBL-DORA-04-CTL-TP-1,Product,PRD-PLOAN,2026-06-25
GAP-OBL-DORA-04-CTL-TP-1,DataDomain,DD-REF,2026-06-25
GAP-OBL-DORA-04-CTL-TP-2,System,SYS-LAKE,2026-06-25
GAP-OBL-DORA-04-CTL-TP-2,BusinessProcess,PR-REGRPT,2026-06-25
GAP-OBL-DORA-04-CTL-TP-2,BusinessProcess,PR-DATAGOV,2026-06-25
GAP-OBL-DORA-04-CTL-TP-2,BusinessProcess,PR-AILIFE,2026-06-25
GAP-OBL-DORA-04-CTL-TP-2,Product,PRD-MORT,2026-06-25
GAP-OBL-DORA-04-CTL-TP-2,Product,PRD-PLOAN,2026-06-25
GAP-OBL-DORA-04-CTL-TP-2,DataDomain,DD-REF,2026-06-25
GAP-OBL-BASEL-02-CTL-DQ-1,System,SYS-LAKE,2026-06-25
GAP-OBL-BASEL-02-CTL-DQ-1,BusinessProcess,PR-REGRPT,2026-06-25
GAP-OBL-BASEL-02-CTL-DQ-1,BusinessProcess,PR-DATAGOV,2026-06-25
GAP-OBL-BASEL-02-CTL-DQ-1,BusinessProcess,PR-AILIFE,2026-06-25
GAP-OBL-BASEL-02-CTL-DQ-1,Product,PRD-MORT,2026-06-25
GAP-OBL-BASEL-02-CTL-DQ-1,Product,PRD-PLOAN,2026-06-25
GAP-OBL-BASEL-02-CTL-DQ-1,DataDomain,DD-REF,2026-06-25
GAP-OBL-BASEL-02-CTL-DQ-1,DataDomain,DD-FIN,2026-06-25
GAP-OBL-BASEL-02-CTL-DQ-2,System,SYS-LAKE,2026-06-25
GAP-OBL-BASEL-02-CTL-DQ-2,BusinessProcess,PR-REGRPT,2026-06-25
GAP-OBL-BASEL-02-CTL-DQ-2,BusinessProcess,PR-DATAGOV,2026-06-25
GAP-OBL-BASEL-02-CTL-DQ-2,BusinessProcess,PR-AILIFE,2026-06-25
GAP-OBL-BASEL-02-CTL-DQ-2,Product,PRD-MORT,2026-06-25
GAP-OBL-BASEL-02-CTL-DQ-2,Product,PRD-PLOAN,2026-06-25
GAP-OBL-BASEL-02-CTL-DQ-2,DataDomain,DD-REF,2026-06-25
GAP-OBL-BASEL-02-CTL-DQ-2,DataDomain,DD-FIN,2026-06-25
GAP-OBL-BASEL-03-CTL-RP-1-EV,System,SYS-REGRPT,2026-06-25
GAP-OBL-BASEL-03-CTL-RP-1-EV,BusinessProcess,PR-TRADING,2026-06-25
GAP-OBL-BASEL-03-CTL-RP-1-EV,BusinessProcess,PR-REGRPT,2026-06-25
GAP-OBL-BASEL-03-CTL-RP-1-EV,Product,PRD-DERIV,2026-06-25
GAP-OBL-BASEL-03-CTL-RP-1-EV,Product,PRD-FX,2026-06-25
GAP-OBL-BASEL-03-CTL-RP-1-EV,DataDomain,DD-FIN,2026-06-25
GAP-OBL-BASEL-03-CTL-RP-1-EV,DataDomain,DD-CREDIT,2026-06-25
GAP-OBL-BASEL-03-CTL-RP-2-EV,System,SYS-REGRPT,2026-06-25
GAP-OBL-BASEL-03-CTL-RP-2-EV,System,SYS-GL,2026-06-25
GAP-OBL-BASEL-03-CTL-RP-2-EV,BusinessProcess,PR-TRADING,2026-06-25
GAP-OBL-BASEL-03-CTL-RP-2-EV,BusinessProcess,PR-REGRPT,2026-06-25
GAP-OBL-BASEL-03-CTL-RP-2-EV,Product,PRD-DERIV,2026-06-25
GAP-OBL-BASEL-03-CTL-RP-2-EV,Product,PRD-FX,2026-06-25
GAP-OBL-BASEL-03-CTL-RP-2-EV,DataDomain,DD-FIN,2026-06-25
GAP-OBL-BASEL-03-CTL-RP-2-EV,DataDomain,DD-CREDIT,2026-06-25
GAP-OBL-BCBS239-01-CTL-DQ-1,System,SYS-LAKE,2026-06-25
GAP-OBL-BCBS239-01-CTL-DQ-1,BusinessProcess,PR-REGRPT,2026-06-25
GAP-OBL-BCBS239-01-CTL-DQ-1,BusinessProcess,PR-DATAGOV,2026-06-25
GAP-OBL-BCBS239-01-CTL-DQ-1,BusinessProcess,PR-AILIFE,2026-06-25
GAP-OBL-BCBS239-01-CTL-DQ-1,Product,PRD-MORT,2026-06-25
GAP-OBL-BCBS239-01-CTL-DQ-1,Product,PRD-PLOAN,2026-06-25
GAP-OBL-BCBS239-01-CTL-DQ-1,DataDomain,DD-REF,2026-06-25
GAP-OBL-BCBS239-01-CTL-DQ-1,DataDomain,DD-FIN,2026-06-25
GAP-OBL-BCBS239-01-CTL-DQ-2,System,SYS-LAKE,2026-06-25
GAP-OBL-BCBS239-01-CTL-DQ-2,BusinessProcess,PR-REGRPT,2026-06-25
GAP-OBL-BCBS239-01-CTL-DQ-2,BusinessProcess,PR-DATAGOV,2026-06-25
GAP-OBL-BCBS239-01-CTL-DQ-2,BusinessProcess,PR-AILIFE,2026-06-25
GAP-OBL-BCBS239-01-CTL-DQ-2,Product,PRD-MORT,2026-06-25
GAP-OBL-BCBS239-01-CTL-DQ-2,Product,PRD-PLOAN,2026-06-25
GAP-OBL-BCBS239-01-CTL-DQ-2,DataDomain,DD-REF,2026-06-25
GAP-OBL-BCBS239-01-CTL-DQ-2,DataDomain,DD-FIN,2026-06-25
GAP-OBL-BCBS239-02-CTL-LIN-1,System,SYS-LAKE,2026-06-25
GAP-OBL-BCBS239-02-CTL-LIN-1,System,SYS-REGRPT,2026-06-25
GAP-OBL-BCBS239-02-CTL-LIN-1,BusinessProcess,PR-TRADING,2026-06-25
GAP-OBL-BCBS239-02-CTL-LIN-1,BusinessProcess,PR-REGRPT,2026-06-25
GAP-OBL-BCBS239-02-CTL-LIN-1,BusinessProcess,PR-DATAGOV,2026-06-25
GAP-OBL-BCBS239-02-CTL-LIN-1,BusinessProcess,PR-AILIFE,2026-06-25
GAP-OBL-BCBS239-02-CTL-LIN-1,Product,PRD-DERIV,2026-06-25
GAP-OBL-BCBS239-02-CTL-LIN-1,Product,PRD-FX,2026-06-25
GAP-OBL-BCBS239-02-CTL-LIN-1,Product,PRD-MORT,2026-06-25
GAP-OBL-BCBS239-02-CTL-LIN-1,Product,PRD-PLOAN,2026-06-25
GAP-OBL-BCBS239-02-CTL-LIN-1,DataDomain,DD-FIN,2026-06-25
GAP-OBL-BCBS239-02-CTL-LIN-1,DataDomain,DD-CREDIT,2026-06-25
GAP-OBL-BCBS239-02-CTL-LIN-1,DataDomain,DD-TRADE,2026-06-25
GAP-OBL-BCBS239-02-CTL-LIN-2,System,SYS-REGRPT,2026-06-25
GAP-OBL-BCBS239-02-CTL-LIN-2,System,SYS-GL,2026-06-25
GAP-OBL-BCBS239-02-CTL-LIN-2,BusinessProcess,PR-TRADING,2026-06-25
GAP-OBL-BCBS239-02-CTL-LIN-2,BusinessProcess,PR-REGRPT,2026-06-25
GAP-OBL-BCBS239-02-CTL-LIN-2,Product,PRD-DERIV,2026-06-25
GAP-OBL-BCBS239-02-CTL-LIN-2,Product,PRD-FX,2026-06-25
GAP-OBL-BCBS239-02-CTL-LIN-2,DataDomain,DD-FIN,2026-06-25
GAP-OBL-BCBS239-02-CTL-LIN-2,DataDomain,DD-CREDIT,2026-06-25
GAP-OBL-BCBS239-02-CTL-LIN-2,DataDomain,DD-TRADE,2026-06-25
GAP-OBL-BCBS239-03-CTL-MD-1,System,SYS-LAKE,2026-06-25
GAP-OBL-BCBS239-03-CTL-MD-1,BusinessProcess,PR-REGRPT,2026-06-25
GAP-OBL-BCBS239-03-CTL-MD-1,BusinessProcess,PR-DATAGOV,2026-06-25
GAP-OBL-BCBS239-03-CTL-MD-1,BusinessProcess,PR-AILIFE,2026-06-25
GAP-OBL-BCBS239-03-CTL-MD-1,Product,PRD-MORT,2026-06-25
GAP-OBL-BCBS239-03-CTL-MD-1,Product,PRD-PLOAN,2026-06-25
GAP-OBL-BCBS239-03-CTL-MD-1,DataDomain,DD-REF,2026-06-25
GAP-OBL-BCBS239-03-CTL-MD-2,System,SYS-LAKE,2026-06-25
GAP-OBL-BCBS239-03-CTL-MD-2,BusinessProcess,PR-REGRPT,2026-06-25
GAP-OBL-BCBS239-03-CTL-MD-2,BusinessProcess,PR-DATAGOV,2026-06-25
GAP-OBL-BCBS239-03-CTL-MD-2,BusinessProcess,PR-AILIFE,2026-06-25
GAP-OBL-BCBS239-03-CTL-MD-2,Product,PRD-MORT,2026-06-25
GAP-OBL-BCBS239-03-CTL-MD-2,Product,PRD-PLOAN,2026-06-25
GAP-OBL-BCBS239-03-CTL-MD-2,DataDomain,DD-REF,2026-06-25
GAP-OBL-GDPR-01-CTL-PR-1,System,SYS-CRM,2026-06-25
GAP-OBL-GDPR-01-CTL-PR-1,System,SYS-IAM,2026-06-25
GAP-OBL-GDPR-01-CTL-PR-1,BusinessProcess,PR-ONBOARD,2026-06-25
GAP-OBL-GDPR-01-CTL-PR-1,BusinessProcess,PR-SERVICE,2026-06-25
GAP-OBL-GDPR-01-CTL-PR-1,BusinessProcess,PR-DATAGOV,2026-06-25
GAP-OBL-GDPR-01-CTL-PR-1,Product,PRD-CARD,2026-06-25
GAP-OBL-GDPR-01-CTL-PR-1,Product,PRD-CURR,2026-06-25
GAP-OBL-GDPR-01-CTL-PR-1,Product,PRD-SAV,2026-06-25
GAP-OBL-GDPR-01-CTL-PR-1,DataDomain,DD-CUSTPII,2026-06-25
GAP-OBL-GDPR-01-CTL-PR-2,System,SYS-CRM,2026-06-25
GAP-OBL-GDPR-01-CTL-PR-2,System,SYS-CORE,2026-06-25
GAP-OBL-GDPR-01-CTL-PR-2,BusinessProcess,PR-ONBOARD,2026-06-25
GAP-OBL-GDPR-01-CTL-PR-2,BusinessProcess,PR-PAYMENTS,2026-06-25
GAP-OBL-GDPR-01-CTL-PR-2,BusinessProcess,PR-LENDING,2026-06-25
GAP-OBL-GDPR-01-CTL-PR-2,BusinessProcess,PR-SERVICE,2026-06-25
GAP-OBL-GDPR-01-CTL-PR-2,Product,PRD-BLOAN,2026-06-25
GAP-OBL-GDPR-01-CTL-PR-2,Product,PRD-CARD,2026-06-25
GAP-OBL-GDPR-01-CTL-PR-2,Product,PRD-CURR,2026-06-25
GAP-OBL-GDPR-01-CTL-PR-2,Product,PRD-MORT,2026-06-25
GAP-OBL-GDPR-01-CTL-PR-2,Product,PRD-PLOAN,2026-06-25
GAP-OBL-GDPR-01-CTL-PR-2,Product,PRD-SAV,2026-06-25
GAP-OBL-GDPR-01-CTL-PR-2,DataDomain,DD-CUSTPII,2026-06-25
GAP-OBL-GDPR-01-CTL-PR-3,System,SYS-IAM,2026-06-25
GAP-OBL-GDPR-01-CTL-PR-3,BusinessProcess,PR-ONBOARD,2026-06-25
GAP-OBL-GDPR-01-CTL-PR-3,BusinessProcess,PR-SERVICE,2026-06-25
GAP-OBL-GDPR-01-CTL-PR-3,BusinessProcess,PR-DATAGOV,2026-06-25
GAP-OBL-GDPR-01-CTL-PR-3,Product,PRD-CARD,2026-06-25
GAP-OBL-GDPR-01-CTL-PR-3,Product,PRD-CURR,2026-06-25
GAP-OBL-GDPR-01-CTL-PR-3,Product,PRD-SAV,2026-06-25
GAP-OBL-GDPR-01-CTL-PR-3,DataDomain,DD-CUSTPII,2026-06-25
GAP-OBL-GDPR-02-CTL-PR-1-EV,System,SYS-CRM,2026-06-25
GAP-OBL-GDPR-02-CTL-PR-1-EV,System,SYS-IAM,2026-06-25
GAP-OBL-GDPR-02-CTL-PR-1-EV,BusinessProcess,PR-ONBOARD,2026-06-25
GAP-OBL-GDPR-02-CTL-PR-1-EV,BusinessProcess,PR-SERVICE,2026-06-25
GAP-OBL-GDPR-02-CTL-PR-1-EV,BusinessProcess,PR-DATAGOV,2026-06-25
GAP-OBL-GDPR-02-CTL-PR-1-EV,Product,PRD-CARD,2026-06-25
GAP-OBL-GDPR-02-CTL-PR-1-EV,Product,PRD-CURR,2026-06-25
GAP-OBL-GDPR-02-CTL-PR-1-EV,Product,PRD-SAV,2026-06-25
GAP-OBL-GDPR-02-CTL-PR-1-EV,DataDomain,DD-CUSTPII,2026-06-25
GAP-OBL-GDPR-02-CTL-PR-2,System,SYS-CRM,2026-06-25
GAP-OBL-GDPR-02-CTL-PR-2,System,SYS-CORE,2026-06-25
GAP-OBL-GDPR-02-CTL-PR-2,BusinessProcess,PR-ONBOARD,2026-06-25
GAP-OBL-GDPR-02-CTL-PR-2,BusinessProcess,PR-PAYMENTS,2026-06-25
GAP-OBL-GDPR-02-CTL-PR-2,BusinessProcess,PR-LENDING,2026-06-25
GAP-OBL-GDPR-02-CTL-PR-2,BusinessProcess,PR-SERVICE,2026-06-25
GAP-OBL-GDPR-02-CTL-PR-2,Product,PRD-BLOAN,2026-06-25
GAP-OBL-GDPR-02-CTL-PR-2,Product,PRD-CARD,2026-06-25
GAP-OBL-GDPR-02-CTL-PR-2,Product,PRD-CURR,2026-06-25
GAP-OBL-GDPR-02-CTL-PR-2,Product,PRD-MORT,2026-06-25
GAP-OBL-GDPR-02-CTL-PR-2,Product,PRD-PLOAN,2026-06-25
GAP-OBL-GDPR-02-CTL-PR-2,Product,PRD-SAV,2026-06-25
GAP-OBL-GDPR-02-CTL-PR-2,DataDomain,DD-CUSTPII,2026-06-25
GAP-OBL-GDPR-03-CTL-PR-1,System,SYS-CRM,2026-06-25
GAP-OBL-GDPR-03-CTL-PR-1,System,SYS-IAM,2026-06-25
GAP-OBL-GDPR-03-CTL-PR-1,BusinessProcess,PR-ONBOARD,2026-06-25
GAP-OBL-GDPR-03-CTL-PR-1,BusinessProcess,PR-SERVICE,2026-06-25
GAP-OBL-GDPR-03-CTL-PR-1,BusinessProcess,PR-DATAGOV,2026-06-25
GAP-OBL-GDPR-03-CTL-PR-1,Product,PRD-CARD,2026-06-25
GAP-OBL-GDPR-03-CTL-PR-1,Product,PRD-CURR,2026-06-25
GAP-OBL-GDPR-03-CTL-PR-1,Product,PRD-SAV,2026-06-25
GAP-OBL-GDPR-03-CTL-PR-1,DataDomain,DD-CUSTPII,2026-06-25
GAP-OBL-GDPR-03-CTL-PR-2,System,SYS-CRM,2026-06-25
GAP-OBL-GDPR-03-CTL-PR-2,System,SYS-CORE,2026-06-25
GAP-OBL-GDPR-03-CTL-PR-2,BusinessProcess,PR-ONBOARD,2026-06-25
GAP-OBL-GDPR-03-CTL-PR-2,BusinessProcess,PR-PAYMENTS,2026-06-25
GAP-OBL-GDPR-03-CTL-PR-2,BusinessProcess,PR-LENDING,2026-06-25
GAP-OBL-GDPR-03-CTL-PR-2,BusinessProcess,PR-SERVICE,2026-06-25
GAP-OBL-GDPR-03-CTL-PR-2,Product,PRD-BLOAN,2026-06-25
GAP-OBL-GDPR-03-CTL-PR-2,Product,PRD-CARD,2026-06-25
GAP-OBL-GDPR-03-CTL-PR-2,Product,PRD-CURR,2026-06-25
GAP-OBL-GDPR-03-CTL-PR-2,Product,PRD-MORT,2026-06-25
GAP-OBL-GDPR-03-CTL-PR-2,Product,PRD-PLOAN,2026-06-25
GAP-OBL-GDPR-03-CTL-PR-2,Product,PRD-SAV,2026-06-25
GAP-OBL-GDPR-03-CTL-PR-2,DataDomain,DD-CUSTPII,2026-06-25
GAP-OBL-GDPR-03-CTL-PR-3,System,SYS-IAM,2026-06-25
GAP-OBL-GDPR-03-CTL-PR-3,BusinessProcess,PR-ONBOARD,2026-06-25
GAP-OBL-GDPR-03-CTL-PR-3,BusinessProcess,PR-SERVICE,2026-06-25
GAP-OBL-GDPR-03-CTL-PR-3,BusinessProcess,PR-DATAGOV,2026-06-25
GAP-OBL-GDPR-03-CTL-PR-3,Product,PRD-CARD,2026-06-25
GAP-OBL-GDPR-03-CTL-PR-3,Product,PRD-CURR,2026-06-25
GAP-OBL-GDPR-03-CTL-PR-3,Product,PRD-SAV,2026-06-25
GAP-OBL-GDPR-03-CTL-PR-3,DataDomain,DD-CUSTPII,2026-06-25
GAP-OBL-PSD2-01-CTL-SCA-2,System,SYS-PAY,2026-06-25
GAP-OBL-PSD2-01-CTL-SCA-2,System,SYS-TM,2026-06-25
GAP-OBL-PSD2-01-CTL-SCA-2,BusinessProcess,PR-PAYMENTS,2026-06-25
GAP-OBL-PSD2-01-CTL-SCA-2,BusinessProcess,PR-FRAUD,2026-06-25
GAP-OBL-PSD2-01-CTL-SCA-2,Product,PRD-CARD,2026-06-25
GAP-OBL-PSD2-01-CTL-SCA-2,Product,PRD-CURR,2026-06-25
GAP-OBL-PSD2-01-CTL-SCA-2,DataDomain,DD-PAYMT,2026-06-25
GAP-OBL-PSD2-01-CTL-SCA-2,DataDomain,DD-CUSTPII,2026-06-25
GAP-OBL-PSD2-02-CTL-SCA-2,System,SYS-PAY,2026-06-25
GAP-OBL-PSD2-02-CTL-SCA-2,System,SYS-TM,2026-06-25
GAP-OBL-PSD2-02-CTL-SCA-2,BusinessProcess,PR-PAYMENTS,2026-06-25
GAP-OBL-PSD2-02-CTL-SCA-2,BusinessProcess,PR-FRAUD,2026-06-25
GAP-OBL-PSD2-02-CTL-SCA-2,Product,PRD-CARD,2026-06-25
GAP-OBL-PSD2-02-CTL-SCA-2,Product,PRD-CURR,2026-06-25
GAP-OBL-PSD2-02-CTL-SCA-2,DataDomain,DD-PAYMT,2026-06-25
GAP-OBL-PSD2-02-CTL-SCA-2,DataDomain,DD-CUSTPII,2026-06-25
GAP-OBL-PSD2-03-CTL-TM-1,System,SYS-TM,2026-06-25
GAP-OBL-PSD2-03-CTL-TM-1,BusinessProcess,PR-PAYMENTS,2026-06-25
GAP-OBL-PSD2-03-CTL-TM-1,BusinessProcess,PR-FRAUD,2026-06-25
GAP-OBL-PSD2-03-CTL-TM-1,Product,PRD-CARD,2026-06-25
GAP-OBL-PSD2-03-CTL-TM-1,Product,PRD-CURR,2026-06-25
GAP-OBL-PSD2-03-CTL-TM-1,DataDomain,DD-TXN,2026-06-25
GAP-OBL-PSD2-03-CTL-TM-1,DataDomain,DD-PAYMT,2026-06-25
GAP-OBL-PSD2-03-CTL-TM-2-EV,System,SYS-TM,2026-06-25
GAP-OBL-PSD2-03-CTL-TM-2-EV,BusinessProcess,PR-PAYMENTS,2026-06-25
GAP-OBL-PSD2-03-CTL-TM-2-EV,BusinessProcess,PR-FRAUD,2026-06-25
GAP-OBL-PSD2-03-CTL-TM-2-EV,Product,PRD-CARD,2026-06-25
GAP-OBL-PSD2-03-CTL-TM-2-EV,Product,PRD-CURR,2026-06-25
GAP-OBL-PSD2-03-CTL-TM-2-EV,DataDomain,DD-TXN,2026-06-25
GAP-OBL-PSD2-03-CTL-TM-2-EV,DataDomain,DD-PAYMT,2026-06-25
GAP-OBL-PSD2-03-CTL-TM-3,System,SYS-TM,2026-06-25
GAP-OBL-PSD2-03-CTL-TM-3,BusinessProcess,PR-PAYMENTS,2026-06-25
GAP-OBL-PSD2-03-CTL-TM-3,BusinessProcess,PR-FRAUD,2026-06-25
GAP-OBL-PSD2-03-CTL-TM-3,Product,PRD-CARD,2026-06-25
GAP-OBL-PSD2-03-CTL-TM-3,Product,PRD-CURR,2026-06-25
GAP-OBL-PSD2-03-CTL-TM-3,DataDomain,DD-TXN,2026-06-25
GAP-OBL-PSD2-03-CTL-TM-3,DataDomain,DD-PAYMT,2026-06-25
GAP-OBL-CONSDUTY-01-CTL-CO-2,System,SYS-LAKE,2026-06-25
GAP-OBL-CONSDUTY-01-CTL-CO-2,BusinessProcess,PR-REGRPT,2026-06-25
GAP-OBL-CONSDUTY-01-CTL-CO-2,BusinessProcess,PR-DATAGOV,2026-06-25
GAP-OBL-CONSDUTY-01-CTL-CO-2,BusinessProcess,PR-AILIFE,2026-06-25
GAP-OBL-CONSDUTY-01-CTL-CO-2,Product,PRD-MORT,2026-06-25
GAP-OBL-CONSDUTY-01-CTL-CO-2,Product,PRD-PLOAN,2026-06-25
GAP-OBL-CONSDUTY-01-CTL-CO-2,DataDomain,DD-CUSTPII,2026-06-25
GAP-OBL-CONSDUTY-01-CTL-CO-2,DataDomain,DD-ACCT,2026-06-25
GAP-OBL-CONSDUTY-01-CTL-CO-3,System,SYS-LAKE,2026-06-25
GAP-OBL-CONSDUTY-01-CTL-CO-3,System,SYS-CRM,2026-06-25
GAP-OBL-CONSDUTY-01-CTL-CO-3,BusinessProcess,PR-ONBOARD,2026-06-25
GAP-OBL-CONSDUTY-01-CTL-CO-3,BusinessProcess,PR-REGRPT,2026-06-25
GAP-OBL-CONSDUTY-01-CTL-CO-3,BusinessProcess,PR-SERVICE,2026-06-25
GAP-OBL-CONSDUTY-01-CTL-CO-3,BusinessProcess,PR-DATAGOV,2026-06-25
GAP-OBL-CONSDUTY-01-CTL-CO-3,BusinessProcess,PR-AILIFE,2026-06-25
GAP-OBL-CONSDUTY-01-CTL-CO-3,Product,PRD-CARD,2026-06-25
GAP-OBL-CONSDUTY-01-CTL-CO-3,Product,PRD-CURR,2026-06-25
GAP-OBL-CONSDUTY-01-CTL-CO-3,Product,PRD-MORT,2026-06-25
GAP-OBL-CONSDUTY-01-CTL-CO-3,Product,PRD-PLOAN,2026-06-25
GAP-OBL-CONSDUTY-01-CTL-CO-3,Product,PRD-SAV,2026-06-25
GAP-OBL-CONSDUTY-01-CTL-CO-3,DataDomain,DD-CUSTPII,2026-06-25
GAP-OBL-CONSDUTY-01-CTL-CO-3,DataDomain,DD-ACCT,2026-06-25
GAP-OBL-CONSDUTY-02-CTL-CO-2-EV,System,SYS-LAKE,2026-06-25
GAP-OBL-CONSDUTY-02-CTL-CO-2-EV,BusinessProcess,PR-REGRPT,2026-06-25
GAP-OBL-CONSDUTY-02-CTL-CO-2-EV,BusinessProcess,PR-DATAGOV,2026-06-25
GAP-OBL-CONSDUTY-02-CTL-CO-2-EV,BusinessProcess,PR-AILIFE,2026-06-25
GAP-OBL-CONSDUTY-02-CTL-CO-2-EV,Product,PRD-MORT,2026-06-25
GAP-OBL-CONSDUTY-02-CTL-CO-2-EV,Product,PRD-PLOAN,2026-06-25
GAP-OBL-CONSDUTY-02-CTL-CO-2-EV,DataDomain,DD-CUSTPII,2026-06-25
GAP-OBL-CONSDUTY-02-CTL-CO-2-EV,DataDomain,DD-ACCT,2026-06-25
GAP-OBL-FCAOPRES-01-CTL-OR-1,System,SYS-CORE,2026-06-25
GAP-OBL-FCAOPRES-01-CTL-OR-1,System,SYS-PAY,2026-06-25
GAP-OBL-FCAOPRES-01-CTL-OR-1,BusinessProcess,PR-ONBOARD,2026-06-25
GAP-OBL-FCAOPRES-01-CTL-OR-1,BusinessProcess,PR-PAYMENTS,2026-06-25
GAP-OBL-FCAOPRES-01-CTL-OR-1,BusinessProcess,PR-LENDING,2026-06-25
GAP-OBL-FCAOPRES-01-CTL-OR-1,BusinessProcess,PR-SERVICE,2026-06-25
GAP-OBL-FCAOPRES-01-CTL-OR-1,Product,PRD-BLOAN,2026-06-25
GAP-OBL-FCAOPRES-01-CTL-OR-1,Product,PRD-CARD,2026-06-25
GAP-OBL-FCAOPRES-01-CTL-OR-1,Product,PRD-CURR,2026-06-25
GAP-OBL-FCAOPRES-01-CTL-OR-1,Product,PRD-MORT,2026-06-25
GAP-OBL-FCAOPRES-01-CTL-OR-1,Product,PRD-PLOAN,2026-06-25
GAP-OBL-FCAOPRES-01-CTL-OR-1,Product,PRD-SAV,2026-06-25
GAP-OBL-FCAOPRES-01-CTL-OR-1,DataDomain,DD-REF,2026-06-25
GAP-OBL-FCAOPRES-01-CTL-OR-2,System,SYS-CORE,2026-06-25
GAP-OBL-FCAOPRES-01-CTL-OR-2,BusinessProcess,PR-ONBOARD,2026-06-25
GAP-OBL-FCAOPRES-01-CTL-OR-2,BusinessProcess,PR-PAYMENTS,2026-06-25
GAP-OBL-FCAOPRES-01-CTL-OR-2,BusinessProcess,PR-LENDING,2026-06-25
GAP-OBL-FCAOPRES-01-CTL-OR-2,BusinessProcess,PR-SERVICE,2026-06-25
GAP-OBL-FCAOPRES-01-CTL-OR-2,Product,PRD-BLOAN,2026-06-25
GAP-OBL-FCAOPRES-01-CTL-OR-2,Product,PRD-CARD,2026-06-25
GAP-OBL-FCAOPRES-01-CTL-OR-2,Product,PRD-CURR,2026-06-25
GAP-OBL-FCAOPRES-01-CTL-OR-2,Product,PRD-MORT,2026-06-25
GAP-OBL-FCAOPRES-01-CTL-OR-2,Product,PRD-PLOAN,2026-06-25
GAP-OBL-FCAOPRES-01-CTL-OR-2,Product,PRD-SAV,2026-06-25
GAP-OBL-FCAOPRES-01-CTL-OR-2,DataDomain,DD-REF,2026-06-25
GAP-OBL-FCAOPRES-01-CTL-OR-3,System,SYS-LAKE,2026-06-25
GAP-OBL-FCAOPRES-01-CTL-OR-3,System,SYS-CORE,2026-06-25
GAP-OBL-FCAOPRES-01-CTL-OR-3,BusinessProcess,PR-ONBOARD,2026-06-25
GAP-OBL-FCAOPRES-01-CTL-OR-3,BusinessProcess,PR-PAYMENTS,2026-06-25
GAP-OBL-FCAOPRES-01-CTL-OR-3,BusinessProcess,PR-LENDING,2026-06-25
GAP-OBL-FCAOPRES-01-CTL-OR-3,BusinessProcess,PR-REGRPT,2026-06-25
GAP-OBL-FCAOPRES-01-CTL-OR-3,BusinessProcess,PR-SERVICE,2026-06-25
GAP-OBL-FCAOPRES-01-CTL-OR-3,BusinessProcess,PR-DATAGOV,2026-06-25
GAP-OBL-FCAOPRES-01-CTL-OR-3,BusinessProcess,PR-AILIFE,2026-06-25
GAP-OBL-FCAOPRES-01-CTL-OR-3,Product,PRD-BLOAN,2026-06-25
GAP-OBL-FCAOPRES-01-CTL-OR-3,Product,PRD-CARD,2026-06-25
GAP-OBL-FCAOPRES-01-CTL-OR-3,Product,PRD-CURR,2026-06-25
GAP-OBL-FCAOPRES-01-CTL-OR-3,Product,PRD-MORT,2026-06-25
GAP-OBL-FCAOPRES-01-CTL-OR-3,Product,PRD-PLOAN,2026-06-25
GAP-OBL-FCAOPRES-01-CTL-OR-3,Product,PRD-SAV,2026-06-25
GAP-OBL-FCAOPRES-01-CTL-OR-3,DataDomain,DD-REF,2026-06-25
GAP-OBL-FCAOPRES-02-CTL-IC-1,System,SYS-IAM,2026-06-25
GAP-OBL-FCAOPRES-02-CTL-IC-1,System,SYS-LAKE,2026-06-25
GAP-OBL-FCAOPRES-02-CTL-IC-1,BusinessProcess,PR-ONBOARD,2026-06-25
GAP-OBL-FCAOPRES-02-CTL-IC-1,BusinessProcess,PR-REGRPT,2026-06-25
GAP-OBL-FCAOPRES-02-CTL-IC-1,BusinessProcess,PR-SERVICE,2026-06-25
GAP-OBL-FCAOPRES-02-CTL-IC-1,BusinessProcess,PR-DATAGOV,2026-06-25
GAP-OBL-FCAOPRES-02-CTL-IC-1,BusinessProcess,PR-AILIFE,2026-06-25
GAP-OBL-FCAOPRES-02-CTL-IC-1,Product,PRD-CARD,2026-06-25
GAP-OBL-FCAOPRES-02-CTL-IC-1,Product,PRD-CURR,2026-06-25
GAP-OBL-FCAOPRES-02-CTL-IC-1,Product,PRD-MORT,2026-06-25
GAP-OBL-FCAOPRES-02-CTL-IC-1,Product,PRD-PLOAN,2026-06-25
GAP-OBL-FCAOPRES-02-CTL-IC-1,Product,PRD-SAV,2026-06-25
GAP-OBL-FCAOPRES-02-CTL-IC-1,DataDomain,DD-REF,2026-06-25
GAP-OBL-FCAOPRES-02-CTL-IC-2,System,SYS-IAM,2026-06-25
GAP-OBL-FCAOPRES-02-CTL-IC-2,BusinessProcess,PR-ONBOARD,2026-06-25
GAP-OBL-FCAOPRES-02-CTL-IC-2,BusinessProcess,PR-SERVICE,2026-06-25
GAP-OBL-FCAOPRES-02-CTL-IC-2,BusinessProcess,PR-DATAGOV,2026-06-25
GAP-OBL-FCAOPRES-02-CTL-IC-2,Product,PRD-CARD,2026-06-25
GAP-OBL-FCAOPRES-02-CTL-IC-2,Product,PRD-CURR,2026-06-25
GAP-OBL-FCAOPRES-02-CTL-IC-2,Product,PRD-SAV,2026-06-25
GAP-OBL-FCAOPRES-02-CTL-IC-2,DataDomain,DD-REF,2026-06-25
GAP-OBL-FCAOPRES-02-CTL-IC-3,System,SYS-IAM,2026-06-25
GAP-OBL-FCAOPRES-02-CTL-IC-3,BusinessProcess,PR-ONBOARD,2026-06-25
GAP-OBL-FCAOPRES-02-CTL-IC-3,BusinessProcess,PR-SERVICE,2026-06-25
GAP-OBL-FCAOPRES-02-CTL-IC-3,BusinessProcess,PR-DATAGOV,2026-06-25
GAP-OBL-FCAOPRES-02-CTL-IC-3,Product,PRD-CARD,2026-06-25
GAP-OBL-FCAOPRES-02-CTL-IC-3,Product,PRD-CURR,2026-06-25
GAP-OBL-FCAOPRES-02-CTL-IC-3,Product,PRD-SAV,2026-06-25
GAP-OBL-FCAOPRES-02-CTL-IC-3,DataDomain,DD-REF,2026-06-25
GAP-OBL-SEC-01-CTL-IC-1,System,SYS-IAM,2026-06-25
GAP-OBL-SEC-01-CTL-IC-1,System,SYS-LAKE,2026-06-25
GAP-OBL-SEC-01-CTL-IC-1,BusinessProcess,PR-ONBOARD,2026-06-25
GAP-OBL-SEC-01-CTL-IC-1,BusinessProcess,PR-REGRPT,2026-06-25
GAP-OBL-SEC-01-CTL-IC-1,BusinessProcess,PR-SERVICE,2026-06-25
GAP-OBL-SEC-01-CTL-IC-1,BusinessProcess,PR-DATAGOV,2026-06-25
GAP-OBL-SEC-01-CTL-IC-1,BusinessProcess,PR-AILIFE,2026-06-25
GAP-OBL-SEC-01-CTL-IC-1,Product,PRD-CARD,2026-06-25
GAP-OBL-SEC-01-CTL-IC-1,Product,PRD-CURR,2026-06-25
GAP-OBL-SEC-01-CTL-IC-1,Product,PRD-MORT,2026-06-25
GAP-OBL-SEC-01-CTL-IC-1,Product,PRD-PLOAN,2026-06-25
GAP-OBL-SEC-01-CTL-IC-1,Product,PRD-SAV,2026-06-25
GAP-OBL-SEC-01-CTL-IC-1,DataDomain,DD-REF,2026-06-25
GAP-OBL-SEC-01-CTL-IC-2,System,SYS-IAM,2026-06-25
GAP-OBL-SEC-01-CTL-IC-2,BusinessProcess,PR-ONBOARD,2026-06-25
GAP-OBL-SEC-01-CTL-IC-2,BusinessProcess,PR-SERVICE,2026-06-25
GAP-OBL-SEC-01-CTL-IC-2,BusinessProcess,PR-DATAGOV,2026-06-25
GAP-OBL-SEC-01-CTL-IC-2,Product,PRD-CARD,2026-06-25
GAP-OBL-SEC-01-CTL-IC-2,Product,PRD-CURR,2026-06-25
GAP-OBL-SEC-01-CTL-IC-2,Product,PRD-SAV,2026-06-25
GAP-OBL-SEC-01-CTL-IC-2,DataDomain,DD-REF,2026-06-25
GAP-OBL-SEC-01-CTL-IC-3,System,SYS-IAM,2026-06-25
GAP-OBL-SEC-01-CTL-IC-3,BusinessProcess,PR-ONBOARD,2026-06-25
GAP-OBL-SEC-01-CTL-IC-3,BusinessProcess,PR-SERVICE,2026-06-25
GAP-OBL-SEC-01-CTL-IC-3,BusinessProcess,PR-DATAGOV,2026-06-25
GAP-OBL-SEC-01-CTL-IC-3,Product,PRD-CARD,2026-06-25
GAP-OBL-SEC-01-CTL-IC-3,Product,PRD-CURR,2026-06-25
GAP-OBL-SEC-01-CTL-IC-3,Product,PRD-SAV,2026-06-25
GAP-OBL-SEC-01-CTL-IC-3,DataDomain,DD-REF,2026-06-25
GAP-OBL-SEC-02-CTL-CY-1,System,SYS-IAM,2026-06-25
GAP-OBL-SEC-02-CTL-CY-1,System,SYS-LAKE,2026-06-25
GAP-OBL-SEC-02-CTL-CY-1,BusinessProcess,PR-ONBOARD,2026-06-25
GAP-OBL-SEC-02-CTL-CY-1,BusinessProcess,PR-REGRPT,2026-06-25
GAP-OBL-SEC-02-CTL-CY-1,BusinessProcess,PR-SERVICE,2026-06-25
GAP-OBL-SEC-02-CTL-CY-1,BusinessProcess,PR-DATAGOV,2026-06-25
GAP-OBL-SEC-02-CTL-CY-1,BusinessProcess,PR-AILIFE,2026-06-25
GAP-OBL-SEC-02-CTL-CY-1,Product,PRD-CARD,2026-06-25
GAP-OBL-SEC-02-CTL-CY-1,Product,PRD-CURR,2026-06-25
GAP-OBL-SEC-02-CTL-CY-1,Product,PRD-MORT,2026-06-25
GAP-OBL-SEC-02-CTL-CY-1,Product,PRD-PLOAN,2026-06-25
GAP-OBL-SEC-02-CTL-CY-1,Product,PRD-SAV,2026-06-25
GAP-OBL-SEC-02-CTL-CY-1,DataDomain,DD-REF,2026-06-25
GAP-OBL-SEC-02-CTL-CY-1,DataDomain,DD-CUSTPII,2026-06-25
GAP-OBL-SEC-02-CTL-CY-2,System,SYS-IAM,2026-06-25
GAP-OBL-SEC-02-CTL-CY-2,BusinessProcess,PR-ONBOARD,2026-06-25
GAP-OBL-SEC-02-CTL-CY-2,BusinessProcess,PR-SERVICE,2026-06-25
GAP-OBL-SEC-02-CTL-CY-2,BusinessProcess,PR-DATAGOV,2026-06-25
GAP-OBL-SEC-02-CTL-CY-2,Product,PRD-CARD,2026-06-25
GAP-OBL-SEC-02-CTL-CY-2,Product,PRD-CURR,2026-06-25
GAP-OBL-SEC-02-CTL-CY-2,Product,PRD-SAV,2026-06-25
GAP-OBL-SEC-02-CTL-CY-2,DataDomain,DD-REF,2026-06-25
GAP-OBL-SEC-02-CTL-CY-2,DataDomain,DD-CUSTPII,2026-06-25
GAP-OBL-OCC-01-CTL-MR-1,System,SYS-AIP,2026-06-25
GAP-OBL-OCC-01-CTL-MR-1,BusinessProcess,PR-LENDING,2026-06-25
GAP-OBL-OCC-01-CTL-MR-1,BusinessProcess,PR-AILIFE,2026-06-25
GAP-OBL-OCC-01-CTL-MR-1,Product,PRD-BLOAN,2026-06-25
GAP-OBL-OCC-01-CTL-MR-1,Product,PRD-MORT,2026-06-25
GAP-OBL-OCC-01-CTL-MR-1,Product,PRD-PLOAN,2026-06-25
GAP-OBL-OCC-01-CTL-MR-1,DataDomain,DD-MODEL,2026-06-25
GAP-OBL-OCC-01-CTL-MR-1,DataDomain,DD-CREDIT,2026-06-25
GAP-OBL-OCC-01-CTL-MR-2,System,SYS-AIP,2026-06-25
GAP-OBL-OCC-01-CTL-MR-2,System,SYS-CREDIT,2026-06-25
GAP-OBL-OCC-01-CTL-MR-2,BusinessProcess,PR-LENDING,2026-06-25
GAP-OBL-OCC-01-CTL-MR-2,BusinessProcess,PR-AILIFE,2026-06-25
GAP-OBL-OCC-01-CTL-MR-2,Product,PRD-BLOAN,2026-06-25
GAP-OBL-OCC-01-CTL-MR-2,Product,PRD-MORT,2026-06-25
GAP-OBL-OCC-01-CTL-MR-2,Product,PRD-PLOAN,2026-06-25
GAP-OBL-OCC-01-CTL-MR-2,DataDomain,DD-MODEL,2026-06-25
GAP-OBL-OCC-01-CTL-MR-2,DataDomain,DD-CREDIT,2026-06-25
GAP-OBL-OCC-01-CTL-MR-3,System,SYS-AIP,2026-06-25
GAP-OBL-OCC-01-CTL-MR-3,BusinessProcess,PR-LENDING,2026-06-25
GAP-OBL-OCC-01-CTL-MR-3,BusinessProcess,PR-AILIFE,2026-06-25
GAP-OBL-OCC-01-CTL-MR-3,Product,PRD-BLOAN,2026-06-25
GAP-OBL-OCC-01-CTL-MR-3,Product,PRD-MORT,2026-06-25
GAP-OBL-OCC-01-CTL-MR-3,Product,PRD-PLOAN,2026-06-25
GAP-OBL-OCC-01-CTL-MR-3,DataDomain,DD-MODEL,2026-06-25
GAP-OBL-OCC-01-CTL-MR-3,DataDomain,DD-CREDIT,2026-06-25
GAP-OBL-OCC-03-CTL-DQ-1,System,SYS-LAKE,2026-06-25
GAP-OBL-OCC-03-CTL-DQ-1,BusinessProcess,PR-REGRPT,2026-06-25
GAP-OBL-OCC-03-CTL-DQ-1,BusinessProcess,PR-DATAGOV,2026-06-25
GAP-OBL-OCC-03-CTL-DQ-1,BusinessProcess,PR-AILIFE,2026-06-25
GAP-OBL-OCC-03-CTL-DQ-1,Product,PRD-MORT,2026-06-25
GAP-OBL-OCC-03-CTL-DQ-1,Product,PRD-PLOAN,2026-06-25
GAP-OBL-OCC-03-CTL-DQ-1,DataDomain,DD-REF,2026-06-25
GAP-OBL-OCC-03-CTL-DQ-1,DataDomain,DD-FIN,2026-06-25
GAP-OBL-OCC-03-CTL-DQ-2,System,SYS-LAKE,2026-06-25
GAP-OBL-OCC-03-CTL-DQ-2,BusinessProcess,PR-REGRPT,2026-06-25
GAP-OBL-OCC-03-CTL-DQ-2,BusinessProcess,PR-DATAGOV,2026-06-25
GAP-OBL-OCC-03-CTL-DQ-2,BusinessProcess,PR-AILIFE,2026-06-25
GAP-OBL-OCC-03-CTL-DQ-2,Product,PRD-MORT,2026-06-25
GAP-OBL-OCC-03-CTL-DQ-2,Product,PRD-PLOAN,2026-06-25
GAP-OBL-OCC-03-CTL-DQ-2,DataDomain,DD-REF,2026-06-25
GAP-OBL-OCC-03-CTL-DQ-2,DataDomain,DD-FIN,2026-06-25
GAP-OBL-MASTRM-01-CTL-CY-1,System,SYS-IAM,2026-06-25
GAP-OBL-MASTRM-01-CTL-CY-1,System,SYS-LAKE,2026-06-25
GAP-OBL-MASTRM-01-CTL-CY-1,BusinessProcess,PR-ONBOARD,2026-06-25
GAP-OBL-MASTRM-01-CTL-CY-1,BusinessProcess,PR-REGRPT,2026-06-25
GAP-OBL-MASTRM-01-CTL-CY-1,BusinessProcess,PR-SERVICE,2026-06-25
GAP-OBL-MASTRM-01-CTL-CY-1,BusinessProcess,PR-DATAGOV,2026-06-25
GAP-OBL-MASTRM-01-CTL-CY-1,BusinessProcess,PR-AILIFE,2026-06-25
GAP-OBL-MASTRM-01-CTL-CY-1,Product,PRD-CARD,2026-06-25
GAP-OBL-MASTRM-01-CTL-CY-1,Product,PRD-CURR,2026-06-25
GAP-OBL-MASTRM-01-CTL-CY-1,Product,PRD-MORT,2026-06-25
GAP-OBL-MASTRM-01-CTL-CY-1,Product,PRD-PLOAN,2026-06-25
GAP-OBL-MASTRM-01-CTL-CY-1,Product,PRD-SAV,2026-06-25
GAP-OBL-MASTRM-01-CTL-CY-1,DataDomain,DD-REF,2026-06-25
GAP-OBL-MASTRM-01-CTL-CY-1,DataDomain,DD-CUSTPII,2026-06-25
GAP-OBL-MASTRM-01-CTL-CY-2,System,SYS-IAM,2026-06-25
GAP-OBL-MASTRM-01-CTL-CY-2,BusinessProcess,PR-ONBOARD,2026-06-25
GAP-OBL-MASTRM-01-CTL-CY-2,BusinessProcess,PR-SERVICE,2026-06-25
GAP-OBL-MASTRM-01-CTL-CY-2,BusinessProcess,PR-DATAGOV,2026-06-25
GAP-OBL-MASTRM-01-CTL-CY-2,Product,PRD-CARD,2026-06-25
GAP-OBL-MASTRM-01-CTL-CY-2,Product,PRD-CURR,2026-06-25
GAP-OBL-MASTRM-01-CTL-CY-2,Product,PRD-SAV,2026-06-25
GAP-OBL-MASTRM-01-CTL-CY-2,DataDomain,DD-REF,2026-06-25
GAP-OBL-MASTRM-01-CTL-CY-2,DataDomain,DD-CUSTPII,2026-06-25
GAP-OBL-MASTRM-02-CTL-OR-1,System,SYS-CORE,2026-06-25
GAP-OBL-MASTRM-02-CTL-OR-1,System,SYS-PAY,2026-06-25
GAP-OBL-MASTRM-02-CTL-OR-1,BusinessProcess,PR-ONBOARD,2026-06-25
GAP-OBL-MASTRM-02-CTL-OR-1,BusinessProcess,PR-PAYMENTS,2026-06-25
GAP-OBL-MASTRM-02-CTL-OR-1,BusinessProcess,PR-LENDING,2026-06-25
GAP-OBL-MASTRM-02-CTL-OR-1,BusinessProcess,PR-SERVICE,2026-06-25
GAP-OBL-MASTRM-02-CTL-OR-1,Product,PRD-BLOAN,2026-06-25
GAP-OBL-MASTRM-02-CTL-OR-1,Product,PRD-CARD,2026-06-25
GAP-OBL-MASTRM-02-CTL-OR-1,Product,PRD-CURR,2026-06-25
GAP-OBL-MASTRM-02-CTL-OR-1,Product,PRD-MORT,2026-06-25
GAP-OBL-MASTRM-02-CTL-OR-1,Product,PRD-PLOAN,2026-06-25
GAP-OBL-MASTRM-02-CTL-OR-1,Product,PRD-SAV,2026-06-25
GAP-OBL-MASTRM-02-CTL-OR-1,DataDomain,DD-REF,2026-06-25
GAP-OBL-MASTRM-02-CTL-OR-2,System,SYS-CORE,2026-06-25
GAP-OBL-MASTRM-02-CTL-OR-2,BusinessProcess,PR-ONBOARD,2026-06-25
GAP-OBL-MASTRM-02-CTL-OR-2,BusinessProcess,PR-PAYMENTS,2026-06-25
GAP-OBL-MASTRM-02-CTL-OR-2,BusinessProcess,PR-LENDING,2026-06-25
GAP-OBL-MASTRM-02-CTL-OR-2,BusinessProcess,PR-SERVICE,2026-06-25
GAP-OBL-MASTRM-02-CTL-OR-2,Product,PRD-BLOAN,2026-06-25
GAP-OBL-MASTRM-02-CTL-OR-2,Product,PRD-CARD,2026-06-25
GAP-OBL-MASTRM-02-CTL-OR-2,Product,PRD-CURR,2026-06-25
GAP-OBL-MASTRM-02-CTL-OR-2,Product,PRD-MORT,2026-06-25
GAP-OBL-MASTRM-02-CTL-OR-2,Product,PRD-PLOAN,2026-06-25
GAP-OBL-MASTRM-02-CTL-OR-2,Product,PRD-SAV,2026-06-25
GAP-OBL-MASTRM-02-CTL-OR-2,DataDomain,DD-REF,2026-06-25
GAP-OBL-MASTRM-02-CTL-OR-3,System,SYS-LAKE,2026-06-25
GAP-OBL-MASTRM-02-CTL-OR-3,System,SYS-CORE,2026-06-25
GAP-OBL-MASTRM-02-CTL-OR-3,BusinessProcess,PR-ONBOARD,2026-06-25
GAP-OBL-MASTRM-02-CTL-OR-3,BusinessProcess,PR-PAYMENTS,2026-06-25
GAP-OBL-MASTRM-02-CTL-OR-3,BusinessProcess,PR-LENDING,2026-06-25
GAP-OBL-MASTRM-02-CTL-OR-3,BusinessProcess,PR-REGRPT,2026-06-25
GAP-OBL-MASTRM-02-CTL-OR-3,BusinessProcess,PR-SERVICE,2026-06-25
GAP-OBL-MASTRM-02-CTL-OR-3,BusinessProcess,PR-DATAGOV,2026-06-25
GAP-OBL-MASTRM-02-CTL-OR-3,BusinessProcess,PR-AILIFE,2026-06-25
GAP-OBL-MASTRM-02-CTL-OR-3,Product,PRD-BLOAN,2026-06-25
GAP-OBL-MASTRM-02-CTL-OR-3,Product,PRD-CARD,2026-06-25
GAP-OBL-MASTRM-02-CTL-OR-3,Product,PRD-CURR,2026-06-25
GAP-OBL-MASTRM-02-CTL-OR-3,Product,PRD-MORT,2026-06-25
GAP-OBL-MASTRM-02-CTL-OR-3,Product,PRD-PLOAN,2026-06-25
GAP-OBL-MASTRM-02-CTL-OR-3,Product,PRD-SAV,2026-06-25
GAP-OBL-MASTRM-02-CTL-OR-3,DataDomain,DD-REF,2026-06-25
GAP-OBL-MASTRM-03-CTL-AC-2,System,SYS-IAM,2026-06-25
GAP-OBL-MASTRM-03-CTL-AC-2,BusinessProcess,PR-ONBOARD,2026-06-25
GAP-OBL-MASTRM-03-CTL-AC-2,BusinessProcess,PR-SERVICE,2026-06-25
GAP-OBL-MASTRM-03-CTL-AC-2,BusinessProcess,PR-DATAGOV,2026-06-25
GAP-OBL-MASTRM-03-CTL-AC-2,Product,PRD-CARD,2026-06-25
GAP-OBL-MASTRM-03-CTL-AC-2,Product,PRD-CURR,2026-06-25
GAP-OBL-MASTRM-03-CTL-AC-2,Product,PRD-SAV,2026-06-25
GAP-OBL-MASTRM-03-CTL-AC-2,DataDomain,DD-CUSTPII,2026-06-25
GAP-OBL-MASTRM-03-CTL-AC-2,DataDomain,DD-REF,2026-06-25
GAP-OBL-AMLD-01-CTL-CDD-1,System,SYS-KYC,2026-06-25
GAP-OBL-AMLD-01-CTL-CDD-1,BusinessProcess,PR-ONBOARD,2026-06-25
GAP-OBL-AMLD-01-CTL-CDD-1,Product,PRD-CARD,2026-06-25
GAP-OBL-AMLD-01-CTL-CDD-1,Product,PRD-CURR,2026-06-25
GAP-OBL-AMLD-01-CTL-CDD-1,Product,PRD-SAV,2026-06-25
GAP-OBL-AMLD-01-CTL-CDD-1,DataDomain,DD-KYC,2026-06-25
GAP-OBL-AMLD-01-CTL-CDD-1,DataDomain,DD-CUSTPII,2026-06-25
GAP-OBL-AMLD-01-CTL-CDD-2,System,SYS-KYC,2026-06-25
GAP-OBL-AMLD-01-CTL-CDD-2,BusinessProcess,PR-ONBOARD,2026-06-25
GAP-OBL-AMLD-01-CTL-CDD-2,Product,PRD-CARD,2026-06-25
GAP-OBL-AMLD-01-CTL-CDD-2,Product,PRD-CURR,2026-06-25
GAP-OBL-AMLD-01-CTL-CDD-2,Product,PRD-SAV,2026-06-25
GAP-OBL-AMLD-01-CTL-CDD-2,DataDomain,DD-KYC,2026-06-25
GAP-OBL-AMLD-01-CTL-CDD-2,DataDomain,DD-CUSTPII,2026-06-25
GAP-OBL-AMLD-01-CTL-CDD-3-EV,System,SYS-KYC,2026-06-25
GAP-OBL-AMLD-01-CTL-CDD-3-EV,System,SYS-TM,2026-06-25
GAP-OBL-AMLD-01-CTL-CDD-3-EV,BusinessProcess,PR-ONBOARD,2026-06-25
GAP-OBL-AMLD-01-CTL-CDD-3-EV,BusinessProcess,PR-PAYMENTS,2026-06-25
GAP-OBL-AMLD-01-CTL-CDD-3-EV,BusinessProcess,PR-FRAUD,2026-06-25
GAP-OBL-AMLD-01-CTL-CDD-3-EV,Product,PRD-CARD,2026-06-25
GAP-OBL-AMLD-01-CTL-CDD-3-EV,Product,PRD-CURR,2026-06-25
GAP-OBL-AMLD-01-CTL-CDD-3-EV,Product,PRD-SAV,2026-06-25
GAP-OBL-AMLD-01-CTL-CDD-3-EV,DataDomain,DD-KYC,2026-06-25
GAP-OBL-AMLD-01-CTL-CDD-3-EV,DataDomain,DD-CUSTPII,2026-06-25
GAP-OBL-AMLD-02-CTL-TM-1,System,SYS-TM,2026-06-25
GAP-OBL-AMLD-02-CTL-TM-1,BusinessProcess,PR-PAYMENTS,2026-06-25
GAP-OBL-AMLD-02-CTL-TM-1,BusinessProcess,PR-FRAUD,2026-06-25
GAP-OBL-AMLD-02-CTL-TM-1,Product,PRD-CARD,2026-06-25
GAP-OBL-AMLD-02-CTL-TM-1,Product,PRD-CURR,2026-06-25
GAP-OBL-AMLD-02-CTL-TM-1,DataDomain,DD-TXN,2026-06-25
GAP-OBL-AMLD-02-CTL-TM-1,DataDomain,DD-PAYMT,2026-06-25
GAP-OBL-AMLD-02-CTL-TM-2,System,SYS-TM,2026-06-25
GAP-OBL-AMLD-02-CTL-TM-2,BusinessProcess,PR-PAYMENTS,2026-06-25
GAP-OBL-AMLD-02-CTL-TM-2,BusinessProcess,PR-FRAUD,2026-06-25
GAP-OBL-AMLD-02-CTL-TM-2,Product,PRD-CARD,2026-06-25
GAP-OBL-AMLD-02-CTL-TM-2,Product,PRD-CURR,2026-06-25
GAP-OBL-AMLD-02-CTL-TM-2,DataDomain,DD-TXN,2026-06-25
GAP-OBL-AMLD-02-CTL-TM-2,DataDomain,DD-PAYMT,2026-06-25
GAP-OBL-AMLD-02-CTL-TM-3,System,SYS-TM,2026-06-25
GAP-OBL-AMLD-02-CTL-TM-3,BusinessProcess,PR-PAYMENTS,2026-06-25
GAP-OBL-AMLD-02-CTL-TM-3,BusinessProcess,PR-FRAUD,2026-06-25
GAP-OBL-AMLD-02-CTL-TM-3,Product,PRD-CARD,2026-06-25
GAP-OBL-AMLD-02-CTL-TM-3,Product,PRD-CURR,2026-06-25
GAP-OBL-AMLD-02-CTL-TM-3,DataDomain,DD-TXN,2026-06-25
GAP-OBL-AMLD-02-CTL-TM-3,DataDomain,DD-PAYMT,2026-06-25
GAP-OBL-AMLD-03-CTL-SAN-1,System,SYS-SANCT,2026-06-25
GAP-OBL-AMLD-03-CTL-SAN-1,System,SYS-PAY,2026-06-25
GAP-OBL-AMLD-03-CTL-SAN-1,BusinessProcess,PR-PAYMENTS,2026-06-25
GAP-OBL-AMLD-03-CTL-SAN-1,BusinessProcess,PR-FRAUD,2026-06-25
GAP-OBL-AMLD-03-CTL-SAN-1,Product,PRD-CARD,2026-06-25
GAP-OBL-AMLD-03-CTL-SAN-1,Product,PRD-CURR,2026-06-25
GAP-OBL-AMLD-03-CTL-SAN-1,DataDomain,DD-CUSTPII,2026-06-25
GAP-OBL-AMLD-03-CTL-SAN-1,DataDomain,DD-PAYMT,2026-06-25
GAP-OBL-AMLD-03-CTL-SAN-2-EV,System,SYS-SANCT,2026-06-25
GAP-OBL-AMLD-03-CTL-SAN-2-EV,BusinessProcess,PR-PAYMENTS,2026-06-25
GAP-OBL-AMLD-03-CTL-SAN-2-EV,BusinessProcess,PR-FRAUD,2026-06-25
GAP-OBL-AMLD-03-CTL-SAN-2-EV,Product,PRD-CARD,2026-06-25
GAP-OBL-AMLD-03-CTL-SAN-2-EV,Product,PRD-CURR,2026-06-25
GAP-OBL-AMLD-03-CTL-SAN-2-EV,DataDomain,DD-CUSTPII,2026-06-25
GAP-OBL-AMLD-03-CTL-SAN-2-EV,DataDomain,DD-PAYMT,2026-06-25
GAP-OBL-AMLD-04-CTL-TM-1,System,SYS-TM,2026-06-25
GAP-OBL-AMLD-04-CTL-TM-1,BusinessProcess,PR-PAYMENTS,2026-06-25
GAP-OBL-AMLD-04-CTL-TM-1,BusinessProcess,PR-FRAUD,2026-06-25
GAP-OBL-AMLD-04-CTL-TM-1,Product,PRD-CARD,2026-06-25
GAP-OBL-AMLD-04-CTL-TM-1,Product,PRD-CURR,2026-06-25
GAP-OBL-AMLD-04-CTL-TM-1,DataDomain,DD-TXN,2026-06-25
GAP-OBL-AMLD-04-CTL-TM-2-EV,System,SYS-TM,2026-06-25
GAP-OBL-AMLD-04-CTL-TM-2-EV,BusinessProcess,PR-PAYMENTS,2026-06-25
GAP-OBL-AMLD-04-CTL-TM-2-EV,BusinessProcess,PR-FRAUD,2026-06-25
GAP-OBL-AMLD-04-CTL-TM-2-EV,Product,PRD-CARD,2026-06-25
GAP-OBL-AMLD-04-CTL-TM-2-EV,Product,PRD-CURR,2026-06-25
GAP-OBL-AMLD-04-CTL-TM-2-EV,DataDomain,DD-TXN,2026-06-25
GAP-OBL-AMLD-04-CTL-TM-3,System,SYS-TM,2026-06-25
GAP-OBL-AMLD-04-CTL-TM-3,BusinessProcess,PR-PAYMENTS,2026-06-25
GAP-OBL-AMLD-04-CTL-TM-3,BusinessProcess,PR-FRAUD,2026-06-25
GAP-OBL-AMLD-04-CTL-TM-3,Product,PRD-CARD,2026-06-25
GAP-OBL-AMLD-04-CTL-TM-3,Product,PRD-CURR,2026-06-25
GAP-OBL-AMLD-04-CTL-TM-3,DataDomain,DD-TXN,2026-06-25
