ID,Name,Product_Line,Owner_Unit_ID,As_Of
PRD-CURR,Current Accounts,Deposits,BU-RETAIL,2026-06-25
PRD-SAV,Savings Accounts,Deposits,BU-RETAIL,2026-06-25
PRD-MORT,Mortgages,Lending,BU-RETAIL,2026-06-25
PRD-PLOAN,Personal Loans,Lending,BU-RETAIL,2026-06-25
PRD-CARD,Credit Cards,Cards,BU-RETAIL,2026-06-25
PRD-BLOAN,Business Loans,Lending,BU-COMM,2026-06-25
PRD-FX,FX & Spot,Markets,BU-MARKETS,2026-06-25
PRD-DERIV,Derivatives,Markets,BU-MARKETS,2026-06-25
PRD-INVEST,Investment Products,Wealth,BU-WEALTH,2026-06-25
